pk,username,full_name,is_private,is_verified
55934483187,dokukinokodensya,毒鬼埜虛電車(☠️🍄🚃),True,False
3520898164,jujuju_blues,J,True,False
67275961610,gleb_boikoo,Gleb Boiko,True,False
4338740261,yoshipoowk,𝓎ℴ𝓈𝒽𝒾𝓅ℴℴ𝓌𝓀,True,False
6921880003,hiroaki.8585,✨hiroaki✨,False,False
8962886344,josue.ares,Josue Ares,False,False
5537555184,my_heart_sick,Muerto Mora,False,False
30836958923,puttinoko,pinoko,False,False
50831165674,jack_illustrator1961,Artist,False,False
363711355,marksieriakov,Марк Сєряков,False,False
63230106197,_1000_ye_dohid_xug1mc5o,ВІід 1000$ в міс💰Без Вкладень,False,False
1514667431,adrianskiy,,False,False
35685944288,damnn.sz,daniel,True,False
3059034495,vlad.gefem,Vlad Grigoryan,False,False
9951668347,daphers_ignor,daphers_ignorosphere,False,False
4516632788,rpolyakov1,Roman Polyakov,False,False
6798222355,fwah_grah,Justin,False,False
6860526299,milyxls,kammily santos,True,False
1062918796,ziiken_,ZVK⚡️,True,False
12829181127,flowersoverthorns,Flowers Over Thorns,False,False
14439061368,kareem_diaa_ph,Kareem Diaa,False,False
6478593743,jerryverbitski,Yaroslav Verbitski,True,False
1523815740,anna_0018___,Anna,True,False
8417635431,fvckhisui______,ヒスイ,False,False
54346350699,silverbullet_nft,Silver Bullet,True,False
25447676998,romanderbah,Roman Derbah,False,False
30836958923,puttinoko,pinoko,False,False
53923021388,smliezzz,newnew,True,False
5872935251,brunodubickas,Bruno Dubickas,False,False
50686055007,promo_art.5310,,False,False
27604026891,kenez333,KENEZ,False,False
57326216527,vjxcfrpufh,vJxcfrpuFH,True,False
56756926458,cronar12,croner,False,False
58951876342,_baza.braza.official_,,False,False
56688275175,cfoenix.nft,Cfoenix NFT,False,False
1062918796,ziiken_,ZVK⚡️,True,False
14439061368,kareem_diaa_ph,Kareem Diaa,False,False
56367909438,cgkarld,,True,False
6478593743,jerryverbitski,Yaroslav Verbitski,True,False
1523815740,anna_0018___,Anna,True,False
8417635431,fvckhisui______,ヒスイ,False,False
7981059173,andreishcharbakou,Andre Serba,False,False
42103068010,kidd.gorgeous,𝕂𝕚𝕕𝕕 𝓖𝓸𝓻𝓰𝓮𝓸𝓾𝓼,False,False
6213672639,control_fields_,?,False,False
4516632788,rpolyakov1,Roman Polyakov,False,False
14253187202,sa.as1989,Asmae Sadek,False,False
49681927220,tairuxfilmart,Isaias Rodriguez,False,False
50738945423,promo_art.123456,,False,False
52763530587,osono664,OSONO,False,False
50287404021,nails.bydeny,Deny Doriana,False,False
53210421975,itz_safiyaaa,Safiyaaaa~,True,False
5387892109,redge.uk,"Redge - DJ, Producer & Label Owner",False,False
2515471268,stayeternalone,Стейетерні 🇺🇦,False,False
1155211587,turgayurun,✨Tayland,False,False
1657664554,souljune.official,Jędrzej Łopacki,False,False
3696642753,shesokate.19,Katerina,True,False
4922941518,tyzkozyrnyi,"fuck it, why not",False,False
1928490676,ka7akuna,шпрот,True,False
42103068010,kidd.gorgeous,𝕂𝕚𝕕𝕕 𝓖𝓸𝓻𝓰𝓮𝓸𝓾𝓼,False,False
32809904969,igricheff,DELBOS Didier,False,False
46163483795,luna.baby.08,Rui,False,False
5900546557,dmitrijloboda1,Дима,False,False
2961613529,_rvvd1,R3D..⚜️,False,False
9676568993,dancefloorgosha,🤫gosha🤫,False,False
50304343365,sachiko020147,吉村幸子,False,False
2095573915,yevhenii_sukhoviienko,,False,False
4782976429,m47ur,Методи боротьби з депресією ❤️‍🩹,True,False
329074504,maxsxim1503,Max,False,False
8038045688,_lebedeva.anna_,Анна Лебедева,False,False
233958321,ron_ron4ik,,False,False
3776141818,whodatkolya,KYIV TATTOO MAE$$$TRO,False,False
56434461840,victor_podkyiko,,False,False
45255988788,bobrov_site,Бобров Даниил | Frontend-developer,False,False
65768245438,merde.gloss,𝐌𝐄Я̷𝐃𝐄,False,False
31601328652,boltpromouk150,Mikhail_lobov1,False,False
51952813391,nft.art.amsterdam,shorts.amsterdam,False,False
54517616541,vademecum_obscurum,danieldesbonnes,False,False
1503366465,t.pekarskiy,Тимур Пекарський,False,False
9676568993,dancefloorgosha,🤫gosha🤫,False,False
53385639814,_el_ojo_negro2023,El Ojo Negro,False,False
8417635431,fvckhisui______,ヒスイ,False,False
49023694195,mob.market_,MOB MARKET,False,False
45673354511,millarenofficial,MILLA REN,False,False
7091826784,roomservice_live,Room Service - Live,False,False
56735601316,durh_its_drizzy,Dri Zzy,False,False
14253187202,sa.as1989,Asmae Sadek,False,False
60147131492,irene.__.2004,Irene,False,False
61882030176,savagelifeinferno,artsygirl👩‍🎨🎨,True,False
9129938962,yakooveenko,Диана Яковенко,False,False
952502430,sokolov__k,S O K O L O V,True,False
66875133562,casskandre_rimbey,Cassandre Rimbey,False,False
3776141818,whodatkolya,KYIV TATTOO MAE$$$TRO,False,False
65581191155,paswan_bawali_,МОРГЕНШТЕРН🎁,False,False
63746786101,myxomorvasorti,,False,False
65768245438,merde.gloss,𝐌𝐄Я̷𝐃𝐄,False,False
4922941518,tyzkozyrnyi,"fuck it, why not",False,False
5428795477,_valentin_crash_,,False,False
5387892109,redge.uk,"Redge - DJ, Producer & Label Owner",False,False
60257555090,auto.sellerua,Auto Seller UA,False,False
9275682637,modapi_98,모다피,False,False
53369550617,idris.kamaldeen.395,Idris Kamaldeen,False,False
35904057051,double_xav_double,Xavier Cocheton,True,False
57266381322,art_whith_d.k,deepak,False,False
5387892109,redge.uk,"Redge - DJ, Producer & Label Owner",False,False
51952813391,nft.art.amsterdam,shorts.amsterdam,False,False
52303319928,p_parrottss,P-Parrot,False,False
2515471268,stayeternalone,Стейетерні 🇺🇦,False,False
1657664554,souljune.official,Jędrzej Łopacki,False,False
49260941524,d5customapparel,D5customapparel,False,False
51442550983,skaranos_,Skaranos Of Valen,False,False
5845346245,raskrutka_b1087,Продвижение соцсетей 👇👇👇,True,False
4922941518,tyzkozyrnyi,"fuck it, why not",False,False
1928490676,ka7akuna,шпрот,True,False
32809904969,igricheff,DELBOS Didier,False,False
46163483795,luna.baby.08,Rui,False,False
45243356850,komissarenko_2,Komissarenko artist✨ ^._.^,False,False
56364547641,cutestborednftss,cutestborednft,False,False
53976111444,micasadenegocios,,False,False
9676568993,dancefloorgosha,🤫gosha🤫,False,False
55590935520,the_cryptos_maniac.eth,Cryptos Maniac,False,False
50304343365,sachiko020147,吉村幸子,False,False
43835730034,01loor,Loor,False,False
2095573915,yevhenii_sukhoviienko,,False,False
4782976429,m47ur,Методи боротьби з депресією ❤️‍🩹,True,False
45243356850,komissarenko_2,Komissarenko artist✨ ^._.^,False,False
5941417538,ojlocked,J,True,False
52507655379,global_brot,Digital creator #nft,False,False
55014523095,hard2please.eth,,False,False
51442550983,skaranos_,Skaranos Of Valen,False,False
49260941524,d5customapparel,D5customapparel,False,False
64594714238,slivv.kursov1010,🔱CЛИB KУРСOВ ОТ ТPEЙДEPОВ🔱,False,False
63483623240,synergy_artist,Synergy Artist Digital Art,False,False
48648256703,seri.oku0808_disney,seri.disney💜,True,False
55455167807,ddddddmmmp,,True,False
65581191155,paswan_bawali_,МОРГЕНШТЕРН🎁,False,False
45711442306,hesimoart,Henning Mogen,False,False
56735601316,durh_its_drizzy,Dri Zzy,False,False
66875133562,casskandre_rimbey,Cassandre Rimbey,False,False
9275682637,modapi_98,모다피,False,False
53385639814,_el_ojo_negro2023,El Ojo Negro,False,False
64008477064,fashion_house_m_a,магазин одягу Fashion House,False,False
55715908031,kingneff1,Kingneff,False,False
35118019393,zoolab.ua,Розплідник №1 тварин в Україні 🇺🇦,False,False
2957194299,lascositasdealegria,Las Cositas de Alegría,False,False
59352899084,kikimara.store,kikimara.store,False,False
65346104435,pollene_eyes,"pollene,eyes",False,False
55135365089,crypto_tributum,Crypto tributum,False,False
52303319928,p_parrottss,P-Parrot,False,False
46600733545,riponsoum2,Ripon Som,False,False
5845346245,raskrutka_b1087,Продвижение соцсетей 👇👇👇,True,False
59787746526,imagesby.ai,,False,False
48023875608,smartcherrystech,Smart Cherrys Tech YouTube Channel,False,False
51983367985,paisagens4.0fotografia,Visão de lente,False,False
62488346844,sliv.kursov2287,🔱СЛИB КУРCOB ОТ ТPEЙДЕРОВ🔱,False,False
56824204395,heardims,DIMS,False,False
56364547641,cutestborednftss,cutestborednft,False,False
5428795477,_valentin_crash_,,False,False
47946012137,tagayasuotoko,tagayasuotoko,False,False
61099805964,xperi.mentai,Xperi.Mentai,False,False
55090510765,yurh_bl4ck_art,,False,False
56090756443,calle_gari_lab,Claudio Callegari,False,False
59261007803,videocinee,Video Cinema 📹🎬,False,False
50054248821,kreativeartz3,Kreative Artz,False,False
49016838995,gum.yuu,yuu,False,False
56364653126,wewillbecomeking,We’ll Become King,False,False
15901588113,_gmmm1675,Hao Nam,False,False
51056444671,gnomeplanet1,Gnome Planet,False,False
48807776144,cryptosmartlife,CryptoSmartlife,False,False
50686055007,promo_art.5310,,False,False
64364932451,khaleesigamer,Khaleesi 🌻💎⛱,False,False
54845464172,garden_god,信心後花園,False,False
50744799809,landmarksin2060,Landmarks in 2060,False,False
43835730034,01loor,Loor,False,False
50041220719,arts_nfts_p,phdragon,False,False
43835730034,01loor,Loor,False,False
47784834740,savannahdotnet,Savannah Network,False,False
50738945423,promo_art.123456,,False,False
58589317511,darkplan3t.ukraine,DARK PLAN3T 🌍,False,False
56516992323,hrvbru,Hrv Bru1980,False,False
58951876342,_baza.braza.official_,,False,False
59623547274,_shop_ua_o,SHOP UA🇺🇦,False,False
58513725436,familytree.etsy,Zime Illustrations,False,False
54401147588,plndubdj,´sosnwisn,False,False
55662821983,adavay_draw,ADAVAY_DRAW,False,False
56688275175,cfoenix.nft,Cfoenix NFT,False,False
55590935520,the_cryptos_maniac.eth,Cryptos Maniac,False,False
56826991508,b.a.d_r.o.b.o.t.s_,Bad Robots,False,False
53976111444,micasadenegocios,,False,False
56367909438,cgkarld,,True,False
40492258760,c.a.t.y.lp,Smurf:3,True,False
54443490541,merchayrxn,A Y R X N ®,False,False
6801104717,usemath777,,False,False
60257555090,auto.sellerua,Auto Seller UA,False,False
39408362104,jeremydurham27,Jeremy Durham,False,False
54915447633,pace24_31,Songeunjin,False,False
53923021388,smliezzz,newnew,True,False
57657899093,drawing__2023,✨,False,False
53794851674,ksjhgff,Gjkhf,False,False
56826991508,b.a.d_r.o.b.o.t.s_,Bad Robots,False,False
53976111444,micasadenegocios,,False,False
56367909438,cgkarld,,True,False
6801104717,usemath777,,False,False
54915447633,pace24_31,Songeunjin,False,False
53923021388,smliezzz,newnew,True,False
57657899093,drawing__2023,✨,False,False
53794851674,ksjhgff,Gjkhf,False,False
52220865850,creatureof_artistic,SAAHIB_MOHHMD,False,False
1930672597,bud_11lokeyjr,Bud,False,False
58229454536,rretrograd,RETROGRAD,False,False
47941533677,pyfxv,Unknown Artist | NFT,False,False
53074626163,cryptoosaad,Hungry Dracula,False,False
54624365894,just_doodle123,Just_doodle,False,False
55647412363,ethereumasura,Ethereumasura,False,False
58055848044,crazymoneybitch,Crazy Baby,False,False
33466713903,fooy.me,Fooy | Artist,False,False
57326216527,vjxcfrpufh,vJxcfrpuFH,True,False
54346350699,silverbullet_nft,Silver Bullet,True,False
35904057051,double_xav_double,Xavier Cocheton,True,False
50754841357,a_fielex,Ariel fielex,True,False
48160693522,travel.diary25,Bindu,False,False
43812058420,elysilveira_ofc,Ely Silveira,False,False
56109750859,dreaxm99,DreaXM,False,False
56210952522,pic_xart,ColorsArt🦋,False,False
51338878799,immortaldesigns22,Immortaldesigns,False,False
54680589537,ratsign,R@,False,False
55061297385,aliensbitnft,4LIENSBIT,False,False
53643656768,aarya_signals,Aarya_Signals,False,False
55833968869,nrzbaby,NRZ BABY,False,False
4734745356,arana_16art,rodolfo arana,False,False
40331597657,joseisacfelixda,Jose Isac Felix Silva Isac,False,False
50429101643,3j_06_,,True,False
50347733126,justoneiota,One Iota,False,False
55404826642,marco314841,MarcoArt,False,False
54696325685,slk_alic.e,,True,False
9971403069,yonath_16cb,Esteban Cabrera,False,False
36859561580,valdenirbatista89,Valdenir Batista,True,False
13727866228,lucky2017128,candy  pot,False,False
2855629263,samuel__loureiro,Samuel Loureiro,False,False
25547262958,tueu5tu,Marco Antônio,False,False
49507194349,shaxu_vlogs_,SHAXU VLOGS,False,False
51467078499,zm.14_02,Zehra Memmedova,False,False
7969623401,vaaluarte,VaLuArte,False,False
51320232693,universalcoloring,Tacet Artifex,False,False
10549769,juan_loboveja,Juan Loboveja,False,False
56234381124,gonnadiesoonstaytuned,,False,False
6078128696,chopanasis,Panchito,False,False
53764715897,giralunanft,GiralunaNFT Project,False,False
51085368176,sgtheojy,허중사 SGT HEO,False,False
9364692996,aaekerete,Ekerete,False,False
13054310196,trinityteasdale,Trinity Teasdale,True,False
9067829081,zachmekelburg,Zach Mekelburg,False,False
284770796,motion.3000,Yusuf Dikbez,True,False
4514151509,iswaxx,Joshua Pampanin,True,False
1441590277,jd.boudreau,JD Boudreau,False,False
11884851406,taramorph,Tara M,False,False
305633376,alejandrosrodrigo,Alejandro Salinas Rodrigo,False,False
39302758245,s197_szymonik,Journey Szymonik,False,False
1444291464,kgm_illustration,Kevin Mowry,False,False
47811009101,looserapenft,,False,False
28083179626,oscarmoranblanco,"Oscar Moran Blanco. León,España",False,False
49078876467,teruhito_0601,ジャックン先生,False,False
7384566507,khyhandfingerfertig,DIY 핸드메이드 오방난장혜영이방,False,False
56441931074,mk_315_boss,Mk 315 boss,False,False
48694471029,unigraphic1967,ユニグラフィック | 日常に、デザインを。,False,False
37799202354,neetwithroy,neet with roy,False,False
5730536238,aglayalee_art,月宫美食家🌈,False,False
7164008215,zooidmania,ZOOID,False,False
27931261247,graphicmentor9,graphic Mentor,False,False
55013986548,bullman_ccp,Bullman,False,False
528959359,byrdlnd,Byrd,False,False
10549769,juan_loboveja,Juan Loboveja,False,False
31990707673,gallery_iyn,【大阪・中崎町】ギャラリーIYN@通販もしています。末廣,False,False
46412216489,pixzelnic,PixzelNic,False,False
46416855850,purichanbenki,プリちゃんの便器,False,False
49339288653,caccia.illustration,Dan,False,False
1615318954,ritawaade_art,Rita Waade Artwork Experience,False,False
8244206650,balloon_papa,,False,False
13054310196,trinityteasdale,Trinity Teasdale,True,False
51085368176,sgtheojy,허중사 SGT HEO,False,False
50059223461,kallya_fleur,Kallya,False,False
22983289335,takashikugimaru,釘丸タカシ,False,False
3299758075,kamenickamaria,Maria Kamenicka,True,False
39330253271,artxprst,caNsu,True,False
54696325685,slk_alic.e,,True,False
9525731586,harunodsss,harun,False,False
12976435499,by.nandah_,Nanda🐼,False,False
6221470540,kyoplinpico,土屋恭子,False,False
1311825934,paper_play,Jo West,False,False
13727866228,lucky2017128,candy  pot,False,False
52803525725,sin_ku_kan,真空管,False,False
36859561580,valdenirbatista89,Valdenir Batista,True,False
37799202354,neetwithroy,neet with roy,False,False
9459512327,akogare_paris,り さ   ｰAKOGAREｰ,False,False
1441861173,i.neverstress,Don Walters,False,False
4480025747,honeybuttbutter.art,Blake,False,False
28432817585,scikart,lino romano,False,False
22983289335,takashikugimaru,釘丸タカシ,False,False
39330253271,artxprst,caNsu,True,False
6702131289,n_aomint,naomint,False,False
54696325685,slk_alic.e,,True,False
9525731586,harunodsss,harun,False,False
12976435499,by.nandah_,Nanda🐼,False,False
13727866228,lucky2017128,candy  pot,False,False
49903775807,m212_studio,Geo Duran,False,False
1087600912,gonggiup,공기 공동환,False,False
52803525725,sin_ku_kan,真空管,False,False
53178762744,edgars_sketchbook,Katrina Edgar 🇨🇦,False,False
36859561580,valdenirbatista89,Valdenir Batista,True,False
55411534538,__mr.kwon__,WhiteNoiseK,False,False
44437534519,shin_tuad,渡邊進太郎,False,False
37799202354,neetwithroy,neet with roy,False,False
9459512327,akogare_paris,り さ   ｰAKOGAREｰ,False,False
1441861173,i.neverstress,Don Walters,False,False
50814250277,kinotake2021,木下武,False,False
446575271,orion06orion064orion0641,前田 孝則,False,False
1612626921,ssbaglio,Nɪᴄᴏʟᴀ Sᴀɢʟɪᴏᴄᴄᴏ,False,False
52804339349,jsgart2020,jsgart,False,False
5730536238,aglayalee_art,月宫美食家🌈,False,False
46416855850,purichanbenki,プリちゃんの便器,False,False
8167943810,hiroc33,HIROSHI,False,False
9292849207,feliipe_porto,Luis Felipe,True,False
9625525429,che.marte,Che Marte,False,False
9133610,twentyseventythree,Paul Smyth,False,False
35418892222,miricreating,Miri,False,False
1612626921,ssbaglio,Nɪᴄᴏʟᴀ Sᴀɢʟɪᴏᴄᴄᴏ,False,False
4242257567,lunchking19800401040,エッグバーグディッシュご飯大盛!!,False,False
611607807,bngjs_,Bang Ajosh,False,False
37799202354,neetwithroy,neet with roy,False,False
6713440546,trapgolfofficial,Trap Golf,False,True
38938744633,yuyu_5296.love,yuyu_5296(*˘︶˘*).｡.:*♡,False,False
8430776183,bentensan2012,Unico,False,False
47965715839,creatures684,Peter Palm,False,False
284770796,motion.3000,Yusuf Dikbez,True,False
6158341127,estonius1138,Estonius 👽🐙🦀🤖🐱☯☥,False,False
49903775807,m212_studio,Geo Duran,False,False
51085368176,sgtheojy,허중사 SGT HEO,False,False
504170951,eth.dad,,True,False
8903030131,gv_ilustracion,Guadalupe Velázquez,False,False
7992863490,ikuer7,Iki Mertens,False,False
8289902677,watawataq,ワタルちん,False,False
10549769,juan_loboveja,Juan Loboveja,False,False
40331597657,joseisacfelixda,Jose Isac Felix Silva Isac,False,False
6078128696,chopanasis,Panchito,False,False
341741725,inspirationthroughobservation,Shane Jeffriess,True,False
13043603486,yuca111888,yuca🎨Lightworker Artist(心に光を灯す画家),False,False
6867061601,_dirtywings_,average robot enjoyer,False,False
7209996974,cutegirlsunjae,윤선재,False,False
54680589537,ratsign,R@,False,False
4850342769,ayu_najnaj,Ayu,False,False
8430776183,bentensan2012,Unico,False,False
2855629263,samuel__loureiro,Samuel Loureiro,False,False
534218535,daz.zone,Darren,False,False
672388699,ya_ma73,k_yama0,False,False
47213822885,artofafuzzymind,Flavia Ceccarelli,False,False
46734795365,estherentrepinceles,Esther• Lettering y más,False,False
13553058347,dpda.wmaga,hiro0302,False,False
289528531,kary_coso,Karina,True,False
52127415121,danyhallauteur,Dany Hall,False,False
56234381124,gonnadiesoonstaytuned,,False,False
50182075578,marinab_illustrator,Marina B,False,False
55242192141,bee_w_illustrations,Beatrice 🇵🇱🏴󠁧󠁢󠁥󠁮󠁧󠁿,True,False
49507194349,shaxu_vlogs_,SHAXU VLOGS,False,False
43932648137,mikinomich,みき,True,False
55874260528,beatr.iceinwonderland,Beatrice Palieri,False,False
35418892222,miricreating,Miri,False,False
55757592713,zdogscharlieandlucy,🐾 Charlie & Lucy 🐾,False,False
38938744633,yuyu_5296.love,yuyu_5296(*˘︶˘*).｡.:*♡,False,False
7992863490,ikuer7,Iki Mertens,False,False
11876861186,juliocastiblanco10,Julio Castiblanco,False,False
55107603766,plat_shibuya,PLAT SHIBUYA,False,False
45605106665,schreibskulptur,Schreibskulptur Art,False,False
50303517642,_____fals,hiro,False,False
10659864082,kunie_nagai_,NAISKA(ﾅｲｽｶ)  ▶  ことば と 絵,False,False
16137526785,mrreier,mrreier.eth 🐸,False,False
54160414244,gangi73131,gangi7313,False,False
5730536238,aglayalee_art,月宫美食家🌈,False,False
55647948222,brightcandle_studios_twentyone,Rodrigues-art,False,False
55874260528,beatr.iceinwonderland,Beatrice Palieri,False,False
55290983343,little_white1459,小白|Little White|香港🇭🇰插畫,False,False
51985079574,hjn19821204,HJN,False,False
25593079118,bar_hz_,bar_hz_,False,False
50987525870,saraha_meta,SarahA,False,False
49880686655,designsfunny,Funny Designs,False,False
40940629550,takahiga21,Takahiga,False,False
47213822885,artofafuzzymind,Flavia Ceccarelli,False,False
54680589537,ratsign,R@,False,False
49998290601,nmnk.sketch,Drawing sketch account,False,False
37807081911,daiki_hayashi7777,林 大樹,False,False
51467078499,zm.14_02,Zehra Memmedova,False,False
55715929832,9ake_nfts,💎AKE💎,False,False
53292729266,art22es,art22es,False,False
7384566507,khyhandfingerfertig,DIY 핸드메이드 오방난장혜영이방,False,False
48966193787,spaceseven_nft,Spaceseven,False,False
55404826642,marco314841,MarcoArt,False,False
8289902677,watawataq,ワタルちん,False,False
47965715839,creatures684,Peter Palm,False,False
35418892222,miricreating,Miri,False,False
3167684251,karl_sen_art,💚🔶️💜Karloz🔴🟨🔵,False,False
28325439639,anju19a_o,あんぢゅ,False,False
611607807,bngjs_,Bang Ajosh,False,False
54588785760,paintingthruthepain,painting thru the pain - art by Lea 🌱,False,False
48518102120,joan.art7,José Antonio López,False,False
50182075578,marinab_illustrator,Marina B,False,False
8903030131,gv_ilustracion,Guadalupe Velázquez,False,False
4033842301,marve_renedo,Marve Renedo,False,False
51851382167,floramohamady,flora trader,False,False
13043603486,yuca111888,yuca🎨Lightworker Artist(心に光を灯す画家),False,False
2279414443,consultoresramp,Luxery Store,False,False
52120236678,mnma.rg,_,True,False
50987525870,saraha_meta,SarahA,False,False
55290983343,little_white1459,小白|Little White|香港🇭🇰插畫,False,False
7992863490,ikuer7,Iki Mertens,False,False
55757592713,zdogscharlieandlucy,🐾 Charlie & Lucy 🐾,False,False
49880686655,designsfunny,Funny Designs,False,False
56256017100,haff.john,John Haff,False,False
50265649279,vector_bomber87,Ricky,False,False
9292849207,feliipe_porto,Luis Felipe,True,False
25593079118,bar_hz_,bar_hz_,False,False
49343283307,bitterbbt,lauren,False,False
49343283307,bitterbbt,lauren,False,False
7367888260,rizidavolkova,Rizida Volkova,False,False
51985079574,hjn19821204,HJN,False,False
1087600912,gonggiup,공기 공동환,False,False
37807081911,daiki_hayashi7777,林 大樹,False,False
53292729266,art22es,art22es,False,False
16137526785,mrreier,mrreier.eth 🐸,False,False
44444318678,mark_just_10,MARK JUSTINE,True,False
51011948296,artrytease,art try tease,False,False
36632317268,collanft,Riccardo Nft,False,False
45099029,akkkkkkkkkkkkky,ⒶⓀⒾ,False,False
34662300122,lmpxng,LILIAN NGUYEN | LMPXNG NGUYEN ARTWORK,False,True
54003568099,nachowebnft,NachoWeb NFT,False,False
51992180972,agenart.nft,AGENART,False,False
55137560072,king_chilla_,칠라(chilla),False,False
55956044449,skluv19,썬스타,False,False
33023333878,stylus_dw,STYLUS_DW,False,False
48348636282,salxsal.pod,SalxSal ©,False,False
48519834370,art_promo_103726,,False,False
38643140770,officialartsu,ArtSu - Arts,False,False
48966193787,spaceseven_nft,Spaceseven,False,False
54418319261,domains_4u,Premium Domain Names,False,False
55982487412,nonfriedchicken,Non Fried Chicken,False,False
49579026014,hiimdaniele,daniii,False,False
47379297005,mysterious_monkey2,legitlanius,False,False
54932185195,funnymarco_nft,FunnyMarco NFT,False,False
55411534538,__mr.kwon__,WhiteNoiseK,False,False
289528531,kary_coso,Karina,True,False
53575533088,setupgreats,productive Setups & Workspaces,False,False
56192119135,maria_wanna_walton,MARIA WANNA WALTON,False,False
4608043030,marsmiiilo,༚ ✧Mars✧༚,False,False
4821084580,s.magg_1,Selina,False,False
54872403438,yasunaga_go,Yasu_510,False,False
55041805307,nfamous_art,Nfamous,False,False
55990462330,they_collection,BaLeryon,False,False
54119511863,md_rakib_141,Md Rakib,False,False
55000109878,kubics_cine,Kubics,False,False
52640102886,_deepanshu.62,Masoom Sharma,True,False
43932648137,mikinomich,みき,True,False
2062651278,sharespot_nft,Tranding NFT Index,True,False
55242192141,bee_w_illustrations,Beatrice 🇵🇱🏴󠁧󠁢󠁥󠁮󠁧󠁿,True,False
48128241432,art_promo_44444,,True,False
54290613582,_.yash82_,Mak🍁,True,False
21463497254,letyouknowi_loveyou,이진한,True,False
3542026354,lupsifotos,Luciano Pereira da Silva,True,False
49862681416,asian_pinsuasian,Jinny,False,False
47881257987,dee.shma,Deeshma vinitha sajeev,True,False
980453258,albacach,Alba Cach,True,False
49379242616,typoaki,Toypographer,False,False
46614409315,gano_room,GANO(ガノ),False,False
49924974432,david4930111,David Z,True,False
52402340243,isikhanferyal,Feryal Işıkhan,False,False
54209087842,rita.hina,RITA,False,False
49175665690,totallyunbothered_comics,Totally Unbothered,False,True
6073164651,mitali.das.5,Mitali Das,False,False
34018308015,1228_m2k.private,ma2ken/マツケン,False,False
52717015047,yoshiya_0512,株式会社よしや,False,False
48084306231,cpt.rollerstudios,Captain Roller Studios,False,False
48062979587,cami11es,Art,False,False
3099337028,heerataak,Heera Taak : Creative Director : London,False,False
56162379078,linescavenfts,Hirohito Ogawa,True,False
52493414158,acriticasobreaomissao,,False,False
43820293189,miyazaki_cruising_channel,宮崎クルージングチャンネル,False,False
44802683917,angel_of_new_era,shibaluxe,False,False
48772331925,augustoruggia,Augusto Ruggia,False,False
48610881797,tingyiiilin,Ting-yi Lin,False,False
46614409315,gano_room,GANO(ガノ),False,False
51219049569,angymp2022,Ángela Martínez,False,False
52737722126,yas8133yas,,False,False
3542026354,lupsifotos,Luciano Pereira da Silva,True,False
48062979587,cami11es,Art,False,False
55130727033,e_n_y_a_i,Tomokazu Shiotani,False,False
54209087842,rita.hina,RITA,False,False
5801916659,scaley_the_dino,Scaley,False,False
51912941183,robsonart25,RobsonArt,False,False
3580333596,lalo_sketches,LALO sketches,False,False
48240072138,magicbrush92,magic brush,True,False
14237864672,toycaf,カフ,False,False
48125305625,laurent.bianchi07,Laurent Bianchi,False,False
43090657172,seeeapy,saepy,False,False
1699661250,samuraipizzacass,Cass🖤,False,False
52717015047,yoshiya_0512,株式会社よしや,False,False
54931015131,lanzhanart,Croustibatman,False,False
27208243744,tae.chalkart.okinawa,チョークアート｜田場江津子｜沖縄🏝️浦添,False,False
40460866342,ichgehmalzeichnen,CullmannArt 🔛 Naive Kunst,False,False
53707075826,lorenaartistica,lorena artistica,False,False
5977175240,king.quan777,king.quan777,False,False
10743493409,richardlowke,Richard Lowke,False,False
48084306231,cpt.rollerstudios,Captain Roller Studios,False,False
46437744696,yuusuke7285,ゆうすけ,False,False
46437744696,yuusuke7285,ゆうすけ,False,False
9394664874,raphajovenassovieira,Raphael Jovenasso Vieira,False,False
41663370346,tegoronaonedan,てご,False,False
4714144763,circrow,Cuervo (commissions Open),False,False
51186666079,bradnash_art,Bradley Nash,False,False
48513367369,diaki.arts,Diaki,False,False
50747515174,fedoratheexplorer86_,Fedora The Explorer,False,False
41567881940,haru10natsu_insta,ハルとナツ@子育て絵日記,False,False
5896081246,ivan.turbina,Ivan Urbina,False,False
43099237486,grandmythent,Grand Myth Entertainment,False,False
54851759359,_artsycatsy_,Shiiiiiiiishhhh,False,False
50467812994,theusoo_arts,THEUSOO,False,False
48426093636,n8fromthen8outdoors,Nate Outdoors,False,False
52245242250,artesellosconejero,Jose Vicente Conejero,False,False
53703702084,saku.artworks,Saku Higashiue,False,False
4045283799,patrick.hattrick,Patrick Koster ✧･ﾟ,False,False
1650307343,dreamingken,최정익,False,False
35563350996,omo.mik,kim,False,False
1097462044,hojlz,hojL,False,False
3099337028,heerataak,Heera Taak : Creative Director : London,False,False
5878522966,artplastyk,#Eduardo D Wagner,False,False
2672435987,thecartoony_fat,I try,False,False
27445629139,revydeka,Veronica Devecchi,False,True
52170802794,yotsuba.and.toy,よつばとおもちゃ,False,False
55203008837,hee.benz,Hee,False,False
320805412,saito.takimi,宮崎の出張カメラマン•さいとうたきみ(タッキー),False,False
53178167012,noonchifrens,봉팔이,False,False
6073164651,mitali.das.5,Mitali Das,False,False
43589256151,zipper_the_fox,💚zιρρєя {or} σℓινєя🌸,False,False
49380509496,caddie_galette,Caddie&Galette,False,False
47494921829,beananyoneproject,Joe Montalbano,False,False
54642350078,oldmancomix.art,Oldmancomix,False,False
55377898396,minmaxmadmatti_art,,False,False
53239875789,le_mone_s,レモーンズ,False,False
9411480656,sisa_626,sisa,False,False
11569304232,coralieartsgalerie,Cosébgab Brufra,False,False
234523681,photography_jolanda_aalbers,Jolanda Aalbers,False,False
1105956976,sokmok_official,SOKMOK,False,False
44802683917,angel_of_new_era,shibaluxe,False,False
54696515476,mshape27,,False,False
47484774800,art_latino_visual,Yeferson Andres Rodriguez,False,False
44470923131,curious_samy_r,旅するピエロ🤡,False,False
55132693653,bolivar.arte,Miguel Bolívar,False,False
54504592948,graniyinyang,Sonya,False,False
9419570938,artastic_sarah,Artastic Sarah,False,False
52493414158,acriticasobreaomissao,,False,False
44562929056,willicreator,Willicreator,False,False
51918873290,draw_thinkbigssam,그림그리는 씽크빅쌤 김션,False,False
10932454678,elarteesmoda,El Arte es Moda,False,False
10932454678,elarteesmoda,El Arte es Moda,False,False
54000367875,umichan_kogurisaya,こぐりさや,False,False
53436937924,konisiki0909,小錦,False,False
2083495198,movieandmix,Ayxan Solongo • Art Generalist | Reviewer | Editor (En/De),False,False
36349735761,seongdae6404,백성대,False,False
52773217084,christiane.scholl.art,Christiane Scholl,False,False
38740727977,deja_vu_bodasyeventos,DéJà Vu Bodas y Eventos,False,False
261258617,ism1226,ism,False,False
33880702113,scarfacetheartist,Art By Scarface🎨💰,False,False
54834144039,miko_mk35_,miko,False,False
46422982505,bansyaku_club,晩酌倶楽部,False,False
53184553548,arigatounahibi,arigatoushokora,False,False
54939544496,roundexrecord,roundexrecord,False,False
44989733403,ririibon,Lilies of the Field,False,False
49210044107,flyskifresh19,John Simmons,False,False
1758360123,seungdohyun,"S Ξ U N G D O, The Artist",False,False
6875708699,mustachedave_,MustacheDave,False,False
55200415841,cocobeans78,cocobeans78,False,False
4924018056,___rose92,﮼Rose ﮼,False,False
40190833802,yamac7963,やまなか くにお,False,False
55484649973,ochawan_teadog,お茶ワン！,False,False
53771222526,bobukkobobuko,ぼぶ子,False,False
53472332536,drawith_yul,yul,False,False
17903626297,yukan2426,yukan,False,False
48803067850,hohototo_life,hohototo_life,False,False
44470923131,curious_samy_r,旅するピエロ🤡,False,False
44802683917,angel_of_new_era,shibaluxe,False,False
54939544496,roundexrecord,roundexrecord,False,False
46422982505,bansyaku_club,晩酌倶楽部,False,False
26689657912,planet_0550,₀₅₅₀,False,False
6875708699,mustachedave_,MustacheDave,False,False
36349735761,seongdae6404,백성대,False,False
51918873290,draw_thinkbigssam,그림그리는 씽크빅쌤 김션,False,False
44989733403,ririibon,Lilies of the Field,False,False
44562929056,willicreator,Willicreator,False,False
261258617,ism1226,ism,False,False
1758360123,seungdohyun,"S Ξ U N G D O, The Artist",False,False
53436937924,konisiki0909,小錦,False,False
17903626297,yukan2426,yukan,False,False
53184553548,arigatounahibi,arigatoushokora,False,False
40190833802,yamac7963,やまなか くにお,False,False
55200415841,cocobeans78,cocobeans78,False,False
53771222526,bobukkobobuko,ぼぶ子,False,False
38740727977,deja_vu_bodasyeventos,DéJà Vu Bodas y Eventos,False,False
49210044107,flyskifresh19,John Simmons,False,False
55455255032,empireartstudios,EmpireArtStudios,False,False
48559449805,iakmese_art,Irem Akmese,False,False
48803067850,hohototo_life,hohototo_life,False,False
55647681129,musume_gahaku,,False,False
1587348117,1roul,Julien,False,False
4714144763,circrow,Cuervo (commissions Open),False,False
51186666079,bradnash_art,Bradley Nash,False,False
51292871885,stil_und_eigenart_art,Künstler/in,True,False
11569304232,coralieartsgalerie,Cosébgab Brufra,False,False
53313189270,nft.collectionartpi,Pixel Emojis Retro 💾,False,False
41567881940,haru10natsu_insta,ハルとナツ@子育て絵日記,False,False
12960504068,nanojee_fazil,Nanojee_Fazil,False,False
3593959267,linholine,linholine,False,False
53555937738,artpostud,Apoem,False,False
27445629139,revydeka,Veronica Devecchi,False,True
55203008837,hee.benz,Hee,False,False
54911931840,coloriks,Coloriks.,False,False
53703702084,saku.artworks,Saku Higashiue,False,False
55377898396,minmaxmadmatti_art,,False,False
1177328467,guaymi14,Maria Yolanda Garcia Olave,False,False
49096063357,weeweemanadventures,wee wee man,False,False
53239875789,le_mone_s,レモーンズ,False,False
50726754050,vasy7vasy7,Surugiu Vasile,False,False
50642815590,sk3tchy_procrastinator,Kayden,False,False
54642350078,oldmancomix.art,Oldmancomix,False,False
52170802794,yotsuba.and.toy,よつばとおもちゃ,False,False
1650307343,dreamingken,최정익,False,False
52848188832,772nft,772NFT,False,False
53338167750,theauds_,THE AUD's NFTs,False,False
55009947888,kabukiheroes,Kabuki Heroes -歌舞伎英雄-,False,False
55000270856,ari__som,𝐡𝐲𝐞𝐦𝐢𝐧🌿,False,False
54106850816,arty__you,,False,False
8276691247,ebrudnsk.art,Ebru Danışık🎨,False,False
55508188670,nakajima_comic,なかじま,False,False
54967516309,niginigi.nigitto,にぎりめし,False,False
53555937738,artpostud,Apoem,False,False
7345558016,camire.art,Camire 🥀,False,False
50642815590,sk3tchy_procrastinator,Kayden,False,False
4129339007,uncle_b_draw,뿅아저씨,False,False
52782645746,im.loco.p,Loco.P,False,False
55978258746,_newmasta_,Sheri-Leigh Burrows,False,False
40514816482,cyborg86nft,CYBORG 86 NFT,False,False
46392209198,3dart_backgroundmusic,ᔕᗴᖇǤIᗝ ᖇᗴᔕᗴᑎᗪᗴ,False,False
10927290909,inouejin_yy,Inoue Jin (histórico),False,False
55979863973,poki.inft,pokii,False,False
54447028573,codenameg.nft,Codename G.,False,False
55504416170,duc.de.punk,Duc de Punk,False,False
53313189270,nft.collectionartpi,Pixel Emojis Retro 💾,False,False
9197848688,orlando_rangelv,Orlando R,False,False
53113642174,sugar.kookie123,Sugar_Kookie_Art,False,False
51308989236,messeduplab,cristiano puccio,False,False
3081793795,majed.sweed,Majed Sweed,True,False
33859590141,disney.pin.lyd,Riley Tostinos,False,False
55047510077,jj_draws2022_,SNOT.aka.SǟCK,False,False
52848188832,772nft,772NFT,False,False
55635894995,dyorapparelco,DYOR Apparel,False,False
54897534014,goareborn,GoA: Reborn,False,False
51793921681,nftforever1,Brock b.,False,False
56162379078,linescavenfts,Hirohito Ogawa,True,False
55275526574,bopbop90s,BopBop90s,False,False
52180366046,axis_3150,水兄さんの思い出🍻【サブ垢】,False,False
49895807779,me2.studio,Me2 Studio,False,False
56054809579,houseofnft3,houseofnft,False,False
49095571849,ijwsu,I Just Wanna Serve U,False,False
44981990445,easy2jin,신계진,False,False
49096063357,weeweemanadventures,wee wee man,False,False
54266475896,entropychronicle,March,False,False
47877178126,itibaripara,itibaripara,False,False
56051690271,ethereal_artisms,Ethereal Arts,False,False
53338167750,theauds_,THE AUD's NFTs,False,False
55639454345,cryptogoregore,CryptoGore-gore,False,False
44778494404,acckaza,ryō,False,False
54408459375,thumbsup_guys,Thumbs Up Guys,False,False
55923015780,turkey_fps,TurkeyNFT,False,False
47565491703,le.rigolo.masquer,requinzu4,False,False
53161445757,nftlester,NFT_LESTER,False,False
36968291529,janartwork2020,Janartwork2020,False,False
55241540374,nft_artmaster_27,nft art master,False,False
51845096346,ipatata_to,iPatata Sama,False,False
51845096346,ipatata_to,iPatata Sama,False,False
49096063357,weeweemanadventures,wee wee man,False,False
52205326313,proof_of_consept,Janky Stickers,False,False
1177328467,guaymi14,Maria Yolanda Garcia Olave,False,False
54911931840,coloriks,Coloriks.,False,False
44778494404,acckaza,ryō,False,False
55241540374,nft_artmaster_27,nft art master,False,False
55137169928,samurai88man,侍88man,False,False
51292871885,stil_und_eigenart_art,Künstler/in,True,False
52779176748,nft.pixelcatclub,NFT Pixel Cat Club Collection,False,False
55802289540,maha_k6741,jay mahakal,False,False
36410449886,astormkw,AStorm 🇰🇼,False,False
51709942693,cyberclones.nft,Cyber Clones NFT,False,False
52628497941,doo__two,Doo2,False,False
55598952781,dog_royal_yacht_club,Dog Royal Yacht Club Nft,False,False
12960504068,nanojee_fazil,Nanojee_Fazil,False,False
53464403199,trading_strategy_yt,,False,False
55729697626,blurrydreamai,🤺⚔️🤺💫⚫🌌,False,False
55864899844,gloobies,Gloobies,False,False
52569548851,muddypigsrocks,PixelPigs,False,False
53152257258,whenley_nft,Whenley NFT,False,False
50375582146,mick.chainnation,Chainnation,False,False
54286591650,tonik_arts,Tonik art,True,False
51992409634,nobara961,,True,False
50511298341,uncle.lochie,Lochie Griffiths,True,False
1226716151,tymurdeina,LOS ANGELES PHOTOGRAPHER,False,True
39953741243,lyubart.phila,Lyuba  Люба  🌎,False,False
2998201267,esen.artt,ESENGÜL ALICI BİBER,False,False
193425878,alt.designhouse,Satinder Dhillon,False,False
1590548192,gl2o2o,Гліб,False,False
3627581351,tokyominari,,True,False
173780677,themotionvisual,Conor Brewster Art,False,False
226837311,ciunart,Roberto Alesi,False,False
46872128887,jusitmariana,Mariana Jusit,False,False
37292083315,sponydony,Spandan gogoi,False,False
1505053001,anaz__ka,Anaz Rahman,True,False
48491632391,yourfacehere_art,G.B.,False,False
42963618183,sulu_boyam,Türkan Çoban,False,False
3859035095,anchit_,Anchit Choudhary,False,False
52465546063,web3_horizons,Web Horizons,False,False
529879525,kirin_arts,Kirin Arts,False,False
223733244,aakaku,Akio Kakuda,False,False
8533201785,egabor8__art,Egabor8 Art,False,False
6613893875,shubhgawhade,Shubh Gawhade,False,False
1967464090,lwrcs,lwrcase,False,False
4402081447,james_wvinner,Jame Rafe Wvinner,False,False
1017955938,ingmarbnolting,Ingmar Björn Nolting,False,False
1585543940,luongbinh.xstage,Thanh Bình,False,False
51305115846,eatmycryptoshorts,,False,False
1757989043,rezamatin1986,rezamatin,False,False
337160235,viktorkovalov,Viktor Kovalov,False,False
356481205,dmitry_papizh,Dmitry Papizh,False,False
2998201267,esen.artt,ESENGÜL ALICI BİBER,False,False
50825509570,hamsayeh_gallery1400,𝐇𝐚𝐦𝐬𝐚𝐲𝐞𝐡 𝐠𝐚𝐥𝐥𝐞𝐫𝐲,False,False
52661044385,monilisa_forex_fx,MONILISA FOREX,False,False
51485109386,louhundo69,Lou 💯,False,False
42963618183,sulu_boyam,Türkan Çoban,False,False
1585543940,luongbinh.xstage,Thanh Bình,False,False
27040841938,sculpting_fm,Sculpting FM,False,False
193425878,alt.designhouse,Satinder Dhillon,False,False
53093948301,escarlen1stdibs,Escarlen Baque,False,False
1967464090,lwrcs,lwrcase,False,False
44105232522,dp3d.motion,dp3d,False,False
52870037182,retrocardsnft,Retrocards NFT,False,False
54862619171,toadwin,,False,False
44416974155,second.sleeve,Секонд-хенд,False,False
5046417385,pixelartmafia,Olivier Huard,False,False
51123620971,enzo___carr,enzo,True,False
52781474836,dopaminecatz,DopamineCatz *NFT creator*,False,False
38326296333,careless_animation,,False,False
11797050571,bemycreativestudio,Be My Creative Studio,False,False
226837311,ciunart,Roberto Alesi,False,False
14892304892,eo2animation,eo2🌙,False,False
50321540509,inmotion_tales,Inmotion Tales | Devotional Reels,False,False
6044652921,drowneq,DROWN EQ,False,False
3468581598,ozcanozancagri,Ozan Çağrı Özcan,False,False
45295766984,mikitalpz,Mikita Lopez,False,False
22003515451,un.gestalt,Nico Brand,False,False
20420626882,samarthjajodia,Samarth Jajodia,False,False
1551471228,avinashrajwani,Avinash Rajwani,False,False
2935213895,inner.reflection,Symmetric Vision,False,False
30257399247,vendingcds,Josep Fuguet,False,False
38326296333,careless_animation,,False,False
51432119017,lrs.00111111,LRS,False,False
10166113374,stepicogames,Stepico Games Studio,False,False
26693777557,cult.bubu,,False,False
326314122,sbortnikov,Александр Бортников,False,False
356481205,dmitry_papizh,Dmitry Papizh,False,False
6019858688,geoenvelopecityink,Envelope city ink,False,False
1934918440,jaimeggali,Jaime G. Galipienso,False,False
10449649338,janetfridom,,True,False
1654817976,darmawanezzz,SALATIGA,False,False
218023968,socha_animation,Michal Socha,False,False
1542444363,fianpanic,Fian Panic | Panic Industri,False,False
43840556562,luisgarcialasheras,arjuna,False,False
5653398210,osteopata_ginevri,Luca Ginevri Blasi,False,False
5968606164,umberto_tonella,Umberto “MrHate8” Tonella,False,False
385004927,amrozati,Amr Bogari ❁ عمرو بوقري,False,False
50321063367,esoryk_nft,𝗘𝗦𝗢𝗥𝗬𝗞,False,False
186378547,meshla,M Ξ S H,True,False
3301387444,versaweiss,Versaweiss Works,False,False
326314122,sbortnikov,Александр Бортников,False,False
52465546063,web3_horizons,Web Horizons,False,False
1551471228,avinashrajwani,Avinash Rajwani,False,False
38220985293,svit.lana_universe,Svitlana Bilyk - Ukrainian digital artist in 📍Lisbon,False,False
529879525,kirin_arts,Kirin Arts,False,False
16167736795,ayeovidiu,aye,False,False
223733244,aakaku,Akio Kakuda,False,False
8533201785,egabor8__art,Egabor8 Art,False,False
2067863476,telechrome,AU,False,False
1967464090,lwrcs,lwrcase,False,False
47858312716,insta01001010,Niedzwiedz Kacperski,False,False
1585543940,luongbinh.xstage,Thanh Bình,False,False
6717172012,azamatbryanov,Азамат,True,False
51603081786,way_of_the_samurai_em,Самурай_эм,False,False
7389478884,outsidethe_zone,Trix Mendez,False,False
28870803018,sarahrhabib,Sarah Habib Designs,False,True
845210183,nameais,Adrian Tański,False,False
45915991968,razborka_lux,Разборка,False,False
51047685399,nethiel13,Nethiel,False,False
218023968,socha_animation,Michal Socha,False,False
3294453439,naksubpor,Naksub Nuttapon Por,False,False
49802459164,smoke.tyumen,,False,False
48646467423,themg3d,MG3D,False,False
2209798242,brankratl,barankıratlı,False,False
186378547,meshla,M Ξ S H,True,False
6478962271,crown.syndrome,crownsyndrome.eth,False,False
49154431628,sugarcandynft,Sugar Candy,False,False
32292438278,tuat555,Tuatea Digital Art,False,False
50977159433,art.bernscherer,Art Bernscherer,False,False
5046417385,pixelartmafia,Olivier Huard,False,False
44708870457,juewish,juewish_,False,False
49359607376,lncrphl46,संबू वासी,False,False
50938813433,akimsouth,Akim South,False,False
36898567045,rquijada.art,Reynaldo Quijada,False,False
542409020,btmn.1313,mario,False,False
50302823282,cyberhousehack,,False,False
54433429493,barik_cats,Байрактар,False,False
2067863476,telechrome,AU,False,False
6062833766,beh.art18,Beh Art,False,False
49629528310,314elitk,Elitk,False,False
28870803018,sarahrhabib,Sarah Habib Designs,False,True
1242914897,pouriasimin,pouria siminpour,False,False
49656720506,radlab.space,RaDLab,False,False
13271508039,cyberdank_,C Y B E R D A N K🌙,False,False
20540096062,biimo_official,BIIMO,False,False
14892304892,eo2animation,eo2🌙,False,False
5963748969,erkansrgl46,Erkansrgl,False,False
5963748969,erkansrgl46,Erkansrgl,False,False
51287540091,orkixel_art,orkun yiğit,False,False
51567294720,clayzy_followers,Clayzy Followers NFT,False,False
48584407373,_alexander_volos_,Alexander Volos,False,False
52781474836,dopaminecatz,DopamineCatz *NFT creator*,False,False
49360694428,de.arts27,DeArts,False,False
50587808205,dreger.thirteen,Alfred Angel Dreger,False,False
1438859867,asianjunkies_,AJ,False,False
43467308,jamesadowling,James D,False,False
50206963468,dmb23.1,DuAneMarcel,False,False
50671630966,mentalpvnishment,𝕸𝖊𝖓𝖙𝖆𝖑 𝕻𝖛𝖓𝖎𝖘𝖍𝖒𝖊𝖓𝖙,False,False
49734132600,foundation_life_net,Bezam,False,False
51603081786,way_of_the_samurai_em,Самурай_эм,False,False
38220985293,svit.lana_universe,Svitlana Bilyk - Ukrainian digital artist in 📍Lisbon,False,False
44416974155,second.sleeve,Секонд-хенд,False,False
51047685399,nethiel13,Nethiel,False,False
50447431241,archetype.studios,Archetype Studios,False,False
53076307030,farmasi.shop_k,Farmasi 🇺🇦🇹🇷,False,False
49349373138,art_sophia2021,Sophia,False,False
50436254287,k9legendz_official,K9 LEGENDZ - RARE LEGACY,False,False
46407044609,art_of_xav,ART OF XAV,False,False
16167736795,ayeovidiu,aye,False,False
30850908244,ornament_ua,▪️𝕆ℝℕ𝔸𝕄𝔼ℕ𝕋▪️,False,False
51485109386,louhundo69,Lou 💯,False,False
47302733825,tolmastercag,tolmaster,False,False
845210183,nameais,Adrian Tański,False,False
1018381964,arshias9,arshias,True,False
1654817976,darmawanezzz,SALATIGA,False,False
37869718346,arch.massage,ak.space,False,False
3493101906,studiomeeson,Meeson Pae,False,False
3661203698,shadyfarid77,Shady Farid,True,False
1452716644,kaustik_pro,Andrii Lytvynenko,False,False
20420626882,samarthjajodia,Samarth Jajodia,False,False
49687844662,art_gallerylife_,Art and life,False,False
50302823282,cyberhousehack,,False,False
44703091874,m_j.lia,УКРАШЕНИЯ💍 БИЖУТЕРИЯ,False,False
326314122,sbortnikov,Александр Бортников,False,False
47418473866,mitart72,Mitesh Patel,False,False
47302733825,tolmastercag,tolmaster,False,False
36898567045,rquijada.art,Reynaldo Quijada,False,False
43808064029,charanalex,Charan,False,False
47099007992,immortalnft,NFT | Digital Art,False,False
193425878,alt.designhouse,Satinder Dhillon,False,False
4727541133,talrickards,Tal Rickards,False,False
218023968,socha_animation,Michal Socha,False,False
49875315050,tiago.vexp,Tiago,False,False
49734132600,foundation_life_net,Bezam,False,False
28870803018,sarahrhabib,Sarah Habib Designs,False,True
48779072021,wildriftboostzt,ᴢᴇʀᴏ ᴛᴏʟᴇʀᴀɴᴄᴇ ʙᴏᴏsᴛ,False,False
1566816027,usaam.ch,Usaam,False,False
1542444363,fianpanic,Fian Panic | Panic Industri,False,False
8801912844,mcanft,MCA NFT,False,False
2271620,nonbit,Yu Takahashi,False,False
5830828785,vadim_kotvitsky,Vadim_Kotvitsky,False,False
1226716151,tymurdeina,LOS ANGELES PHOTOGRAPHER,False,True
5968606164,umberto_tonella,Umberto “MrHate8” Tonella,False,False
4467797514,evgenia_tkach97,Evgenia Tkachenko,True,False
2908156574,purazangree,purazangre,False,False
49651308476,elitepunkss,ElitePunkss,False,False
6196056096,exstry.vx,EXSTRY,False,False
49875988391,victor_podkuiko,Victor,False,False
1551471228,avinashrajwani,Avinash Rajwani,False,False
49391803816,poolofnfts,NFT ART GALLERY 💎,True,False
38724771695,spinklymoongaming,,False,False
49802459164,smoke.tyumen,,False,False
38220985293,svit.lana_universe,Svitlana Bilyk - Ukrainian digital artist in 📍Lisbon,False,False
226837311,ciunart,Roberto Alesi,False,False
49964476196,uorsin.ux,,False,False
9498633881,paraguay_ilustrado,Simona Murialdo Sanchez,False,False
49359607376,lncrphl46,संबू वासी,False,False
9631373128,modestobservations,,False,False
6019858688,geoenvelopecityink,Envelope city ink,False,False
4402081447,james_wvinner,Jame Rafe Wvinner,False,False
254602523,dotfury,Dotfury,False,False
38564407360,techno_lirica,Вледиа Rprp,False,False
43467308,jamesadowling,James D,False,False
3301387444,versaweiss,Versaweiss Works,False,False
49276898599,aldothomas71,Aldo Thomas,False,False
49399496120,kanga7777,Anubis,False,False
38733220602,hexdrunker.001k.kurs,HexDrunker / 001к Полный курс,False,False
49659369898,3anchorio,3anchorio,False,False
983231294,voja_world,Voja,False,False
45759866100,kasimov74__,,True,False
49815536522,nikita.uaa,,True,False
8533201785,egabor8__art,Egabor8 Art,False,False
44472898072,russkibrand,Русский бренд,False,False
48584407373,_alexander_volos_,Alexander Volos,False,False
30850908244,ornament_ua,▪️𝕆ℝℕ𝔸𝕄𝔼ℕ𝕋▪️,False,False
49349373138,art_sophia2021,Sophia,False,False
529879525,kirin_arts,Kirin Arts,False,False
48093205629,hatsunemiku1654,HatsuneMiku,True,False
1505053001,anaz__ka,Anaz Rahman,True,False
49141417451,crypto_lollies,Crypto lollies NFT,False,False
49629528310,314elitk,Elitk,False,False
6062833766,beh.art18,Beh Art,False,False
2523850375,mmgarage31,mmgarage31​,False,False
5653398210,osteopata_ginevri,Luca Ginevri Blasi,False,False
46384164875,marcusmaketh,Marcus Excell,False,False
49475130620,itani_project,Sirapope Panapong,False,False
223733244,aakaku,Akio Kakuda,False,False
51369097828,8bitpixelnft,CRPTOXLABS,False,False
3189875740,ali_kammrani,Ali kamrani,True,False
54538989038,aryakei_nft,,False,False
8801912844,mcanft,MCA NFT,False,False
9124564571,bulldogseries,,False,False
49790986193,under420smoke,,True,False
48093205629,hatsunemiku1654,HatsuneMiku,True,False
52236211432,k_light1091,,False,False
52587821342,metakids.club,Meta Kids Club,False,False
45759866100,kasimov74__,,True,False
51123620971,enzo___carr,enzo,True,False
51784143471,big.cats.nft,Big Cats Official Collection,True,False
49815536522,nikita.uaa,,True,False
3820296151,dmitry_beb,Dmitry beb,True,False
48401875473,deborah_boone28x,Deborah Boone,True,False
1018381964,arshias9,arshias,True,False
49391803816,poolofnfts,NFT ART GALLERY 💎,True,False
50920093632,da.vidson9248,crypto whales coach,True,False
3661203698,shadyfarid77,Shady Farid,True,False
48868817101,kyiv.eth,Da,True,False
52265735572,izuna204,,True,False
1731627022,vezunvezun,Vezun,False,False
5830565663,hindammer,Raúl Ruiz,False,False
5554168,patcantinartist,Pat Cantin,False,True
6386360454,pavlo_sirko,Pavlo Sirko,False,False
3952990965,lege0ns,. إِنْ شَاءَ ٱللَّٰهُ,True,False
8498516842,cyd1337,Cyd,False,False
1527914887,armnhyan,Arman,False,False
4293831577,mohamadamani.ma,Mohammad Amani,False,False
1553098925,param.patel___,Param Patel,False,False
13059206607,thay.mancini,Thay Mancini,True,False
6044211065,iamnunocp,Nuno,True,False
10473995720,mirdraft,3D Artist,False,True
12498581,tamy_marraccini,Tamy Marraccini,True,False
48685898802,motionsykz,Chinpong,False,False
55614962,maiprisin,Manantachai Prisin,False,False
48488021082,jem_bray,Jem Bray,False,False
31570328438,remster_333,Remster Db,False,False
7033710399,lonely.ghost.k,Carrie 🇺🇦🧚🏻‍♀️,False,False
2223948130,christazy_moon,Kristina | Web Designer,True,False
3938432010,jordit_89,☯︎,False,False
345721461,_cmlart,Camila Cordeiro,False,False
337583973,artemmm.official,ᴬʳᵗᵉᵐ ᴷᵒᵛᵃˡᵉⁿᵏᵒ 🌌,False,False
4689237337,dpart514,DPART,False,False
2267934750,itsaret_noi,MTA.Itsaret,False,False
3024346041,interwebvagabond,Krishna Prakash,False,False
1745069772,timmy_timmyy_,Tim,False,False
4338297511,vic.wii,Victoria Kociman,False,False
2074318563,alfazed_studio,Faez Alidoosti,False,False
187365167,mantrixa,Mantrixa | Filmmaker | Producer | Dj | Vj,False,False
426950638,imhappymo,Mo Samadi | Happy Mo,False,False
3531529,virandayaratne,Viran Dayaratne,False,False
4166688302,adilsonmartinsphoto,Adilson Martins,False,False
571910581,yas.artbyyas,𝐘𝐀𝐒 🌙,False,False
635330526,marx.fbx,маях 🛠,False,False
9680477373,rayrespall,Ray Respall Rojas,False,False
525208718,sharifaee,Khashayar Sharifaee,False,False
5393238,rubxkub,Gilles Tossoukpé,False,False
1605839069,ralez_,Ramon Sales,False,False
178159075,lordfranchesco11130,Lord Franchesco,False,False
190999653,faysal.khan.elahi,Faysal Khan 🧞‍♂️,False,False
450448884,3puck,PUCK,False,True
7094712472,martinayalamx,Martín Ayala,False,True
5053819193,alexeylunhu,Olex,True,False
355755314,richardguardado_atc,Richard G,True,False
29353885271,sunny_dread_cat,Кот,False,False
2231790559,ivan.karbivnychyi,Ivan Karbivnychyi,False,False
8670448384,qinicorn,Qinicorn,False,False
42002114799,sami2814khan,Sami Khan,True,False
210624763,humblejack__,Humblejack 🎏,False,False
4060480333,mab.studio,MAB,False,False
1512599176,kotsiuba_vv,VV,False,False
8505823106,renatogoslingartist,Renato Gosling,False,False
2004202719,brendanlouw,Lentille NU,False,False
7631153957,asierbueno,Asier Bueno,False,False
216830455,tofudj_,,False,False
1179502478,brianjoshuapitman,Brian Joshua Pitman,False,False
4404004,01000001bb,01000001b,False,False
41559965331,karyagart,Karyagar,False,False
207506181,fraudfix,,False,False
321033590,keith_botha,Keith Botha,False,False
1967294164,armanalipour.oxtiwigo,Arman Alipour,False,False
226406091,paulaklien,Paula Klien,False,True
44505955320,cryptotalkart.nft,Cryptotalk🗣️,False,False
2264233765,hackndy,Andy Ruiz Muñoz,False,False
1340596872,samad_ghorbanzadeh,Samad Ghorbanzadeh,False,False
297988441,serc1n,Serc,False,False
2246142834,milad.soli,Milad Soltani,False,False
1319732126,ferdi_hsn,ferdi hasan,False,False
48564141098,tierradivina40,TierraDivina,False,False
2068125480,panicboy_t,"""UNISEX""",False,False
44604219750,thiagogoncalves.illustration,Thiago Gonçalves,False,False
18147752568,dreadsavior,Dreadful Savior,False,False
46940883543,d33ple,d33ple,False,False
15885320,victoriorcg,Kun Vic,False,False
210400409,joeyurgz,Joe Urgo,True,False
7300277241,ly_anna_g,Anna,True,False
48823846416,chiepbox,Chiếp,False,False
10503185422,aeinaz80,Andrea Einaudi,False,False
236637476,francisau100,francisau100,False,False
15841559317,neverengine,Trevor & Alyssa,False,False
1952845243,souksouksun,Souksun Sun,False,False
3565018001,pattymadden,Patty Madden,False,False
8585676397,dreamslostintime,Dreams Lost In Time,False,False
1779938110,dourado_artwork,Dourado,False,False
1423891393,riniifishw,ʀɪɴɪɪғɪsʜ,False,True
44091162119,out_n_about_photography,Sean,False,False
2294886372,mortenmodin,Modin,False,False
7453760630,arjunanoor,Arjuna Noor,False,False
8075204935,scarletmagre,Scarlet Magre,False,False
354876128,senempeace,Senem Peace | 🔴 Artist  | 📷 Photographer,False,False
2281252579,sittichock_a,A Ant Na,False,False
2333638121,jordansingh838,Jordan Singh,False,False
6219332341,illustrescu,Vlad Dumitrescu,False,False
49517513108,ben_qoi,Syl Ahr,False,False
10571823022,stradartstudio,STRAD STUDIO,False,False
48836650159,_mojud_,mojud,False,False
18425495545,garlic_gallery,Garlic,False,False
27441872245,warrragwag,Warrragwag_3d,False,False
329797712,__ra.in__,Samira Ingold,False,False
12857990099,ak_graphicsmaker,@AK,False,False
47620030265,paxxdes,paxxdes,False,False
441293093,yoshi_idea,Yoshimasa Koga,False,True
48807923356,ad_idmusics,AdMusic’s,False,False
7300277241,ly_anna_g,Anna,True,False
7435351169,tsubasan1106,Tsubasa Nakai,False,False
48823846416,chiepbox,Chiếp,False,False
4535293503,eegoridze,Igor Burkov,False,False
3680034823,n_kobets,Mykyta Kobets 🇺🇦,False,False
26095587901,attension.art,Michael Cardinale,False,False
27441872245,warrragwag,Warrragwag_3d,False,False
203958412,_lwitty,Louis Whitmore Jr.,False,False
4570023523,el_homage,Елена Федорова,False,False
7364317432,l.a.v.r.i.c.h.e.k,,False,False
47892582655,ras_artech,ras art,False,False
1147360,chinpongr,Chinpong Rujanasutee,False,False
44963097613,cloooothes_store,,False,False
20231188145,7bpictures,Sevenbees,False,False
49344025169,factis.27,Mary,False,False
36594978648,mira.beautypraxis,МіRA АПАРАТНАЯ КОСМЕТОЛОГИЯ | перманент |  ГАМБУРГ | МЕЗО,False,False
5530552683,kouhei_nakama,Kouhei Nakama,False,False
47135514029,mbarutcu.art,mbarutcu,False,False
44857663212,magicallly__,Magicc,False,False
8507862504,naydart,Aydar Nabiullin,False,False
13698054272,mickey_jannn,Mickey_M,False,False
36418985854,yungflowergun,flowergun🌸,False,False
47941276968,ubc.camp,UBC SUMMER CAMP,False,False
2296730238,romysh6,Romy,True,False
47644437324,the.nft.curator,The Curator,False,False
1606685510,getthegoto,Goto,False,False
1036249003,kwk8lh,Kmr888,True,False
5754549350,kulachinskky,Andrey,False,False
48519890723,astronavt_27,Олексій,False,False
5940619215,miguel.afbaptista,Miguel Baptista,False,False
365556689,azart_detka,Игорь Красавин,False,False
47355226320,franck.thenative,Xavier Franck,False,True
4623764666,thy_gouthamkalaivanan,Gee Kay,True,False
12351916842,mohamadamin.shaabani,M.Amin Shaabani,False,False
3986179043,shakawwwww,Shakaw,False,False
6843916548,viva.cant.draw,Vipu B. (Viva),False,False
10532649,isaac.q.q,Isaac Quesada,False,False
49235455007,globalinkethos,Globalink,False,False
37390079076,sometimes.loud,jana stýblová [art],False,False
39849787055,torrexconcept,Ruben Torres,False,False
14430740133,dannysim0,Danny,False,False
34326133501,ancient_image,,True,False
7707838908,watercolorpunk,Tasty Color,False,False
189689701,sebnemkoken,Şebnem Köken,False,False
48071883445,askhim222,Greg G,False,True
47521631867,pipernft,Piper Art,False,False
48807923356,ad_idmusics,AdMusic’s,False,False
2199792114,tamaro_thomas,TAMARO,False,False
33060475400,the_sandeep_parayil__,sandeep parayil,False,False
14723906462,contrvkc,👌🏻,False,False
1535266697,riogerz,Rio,False,False
48630494982,fultfactory,bsuyabatmaz,False,False
46989976960,yahyadaan79,yahya,False,False
46700105687,odyag_dlya_sobak_doglove,Одяг для собак Doglove,False,False
46666677390,artoftra,TRA studio,False,False
5469913411,fiolet_lounge_restaurant,Ресторан FIOLET | Харків,False,False
7367589147,ezeev_i,,True,False
3451999055,theduskwork,DUSKWORK,False,False
1683020165,mindfulmania,MindfulMania,False,False
49149828244,_mr.kour_,Mr.Kour,False,False
41969196135,naglfar_archi,Naglfar's Archives,False,False
38725005557,quadielofficial,Артем Токарев,False,False
213050562,vvid,Vitaly,True,False
6625495827,koblik_roman,Коблик Роман,False,False
8227052846,sebyamon,Val’sBaston,False,False
47854096625,codered434,Codered.pk,False,False
46699883031,vall.visuall,V Λ I I,False,False
43551264188,vindrontt,ANNA,False,False
323100825,nash_1991,Abdulrahman Al-nashri,True,False
44730843879,xyzart_mag,XYZ Art Mag,False,False
12330234935,valdys_design,Francesca Colantonio,False,False
46257118977,therealairhouse,Airhouse,False,False
5940619215,miguel.afbaptista,Miguel Baptista,False,False
3986179043,shakawwwww,Shakaw,False,False
39849787055,torrexconcept,Ruben Torres,False,False
14430740133,dannysim0,Danny,False,False
7707838908,watercolorpunk,Tasty Color,False,False
189689701,sebnemkoken,Şebnem Köken,False,False
48071883445,askhim222,Greg G,False,True
47521631867,pipernft,Piper Art,False,False
2199792114,tamaro_thomas,TAMARO,False,False
14723906462,contrvkc,👌🏻,False,False
1535266697,riogerz,Rio,False,False
48630494982,fultfactory,bsuyabatmaz,False,False
46989976960,yahyadaan79,yahya,False,False
46666677390,artoftra,TRA studio,False,False
5469913411,fiolet_lounge_restaurant,Ресторан FIOLET | Харків,False,False
7367589147,ezeev_i,,True,False
3451999055,theduskwork,DUSKWORK,False,False
1683020165,mindfulmania,MindfulMania,False,False
41969196135,naglfar_archi,Naglfar's Archives,False,False
38725005557,quadielofficial,Артем Токарев,False,False
8227052846,sebyamon,Val’sBaston,False,False
43551264188,vindrontt,ANNA,False,False
323100825,nash_1991,Abdulrahman Al-nashri,True,False
44730843879,xyzart_mag,XYZ Art Mag,False,False
46257118977,therealairhouse,Airhouse,False,False
2256840588,lomachevskihx,Leny,False,False
18032340223,cjen.eth,CJen,True,False
7453760630,arjunanoor,Arjuna Noor,False,False
48693426310,cryptoizyasliv4,,False,False
48069145605,amster.coookies_weed,,False,False
49213053935,pixartdude,PixArtDude,False,False
3709515729,bogdan_epoxi_wood,,False,False
5968706300,im_mars2,Мария Семерьянова,False,False
8075204935,scarletmagre,Scarlet Magre,False,False
15841559317,neverengine,Trevor & Alyssa,False,False
36418985854,yungflowergun,flowergun🌸,False,False
329797712,__ra.in__,Samira Ingold,False,False
48040903743,table4uresturent,Tabel4u,False,False
7435351169,tsubasan1106,Tsubasa Nakai,False,False
4535293503,eegoridze,Igor Burkov,False,False
4570023523,el_homage,Елена Федорова,False,False
44963097613,cloooothes_store,,False,False
5530552683,kouhei_nakama,Kouhei Nakama,False,False
8507862504,naydart,Aydar Nabiullin,False,False
1606685510,getthegoto,Goto,False,False
5754549350,kulachinskky,Andrey,False,False
39849787055,torrexconcept,Ruben Torres,False,False
14430740133,dannysim0,Danny,False,False
189689701,sebnemkoken,Şebnem Köken,False,False
1535266697,riogerz,Rio,False,False
47063191024,patternitonft,,False,False
45542981944,unity_event_ua,PARTY,False,False
48998053772,cryptall_slivs,СЛИВ КУРСОВ КРИПТО ТРЕЙДЕРОВ,False,False
48134433760,charlotteartcrypto,CharlotteArt,False,False
48693426310,cryptoizyasliv4,,False,False
47631626899,mnt_originals,,False,False
47666990944,pixelguynft,The Pixel Guy,False,False
45024877554,kolpachnih.del.master,Kolpachnih.del.master,False,False
48353190819,shishki.in.cookies,,False,False
48069145605,amster.coookies_weed,,False,False
44823792958,altdimension.nft,,False,False
3709515729,bogdan_epoxi_wood,,False,False
47555098087,gjygyijf,,False,False
48397534516,saman_nft,,True,False
48018734688,vikbezrukova77,,True,False
49481580842,ogfuttezz,NormalniyDvizh,True,False
49136666010,111willy111willy,,True,False
18032340223,cjen.eth,CJen,True,False
2161066656,b.ruslanovych,Bohdan Marchenko,True,False
3162586717,idolstylle,Виталий,True,False
186903847,badetimuroglu,Bade Timuroglu Camaroschi,True,False
27035751442,psayko_stasiq,Анастасия Литвинова,True,False
3901731302,juboart,Юлия Бойко,False,False
8524826720,kuzia.vetclinic.kh,"Ветеринарна клініка, м.Харків",False,False
2056238107,nik_deadputin,,True,False
8372264616,marttelbeats,𝗠𝗮𝗿𝘁𝘁𝗲𝗹,False,False
21969423846,smokeweedinvape,,False,False
12640649055,julsonmusic,JULSON,False,False
35154991923,amster.green.cookies,🍪ПЕЧЕНЬЕ,False,False
8733158223,3d_bravo,Juan Fer Bravo,False,False
11835189474,astrolog_viktoria_,Астролог Виктория,False,False
6662058891,raysa_santosz,Raysa Santos,False,False
21174208288,plettovstudiogames,Evgeniy,False,False
29220319381,topflowers_insta,Тюльпаны 🌷,False,False
38330626163,bnd.system,Наталі Бери&Дій,False,False
1807511797,kozurniy888,⚜️Garcìa⚜️ 😎♠️🃏,False,False
4793885534,leponsdj,Le Pons,False,False
25749927407,winner87878,Alex _ Mitrofanov,False,False
6243412208,murchunmusic,Check (мурчун эстетика),False,False
9448840463,zhirko_des,Дизайнер интерьера Днепр,False,False
26500065168,lorraineshirts,Lorraine Co. T-Shirts,False,False
25755201780,sbor_na_viskarek,5469 0600 1943 8818 - сбербанк,False,False
8504656353,acid.shop.ukraine,Acid.Shop.Ukraine,False,False
7945376053,letunasvet.ua,SVET 💡,False,False
7792485758,vzapertiua,Квест-кімнати Київ | Замкнені,False,False
8086572091,magaz420,"CBD | RAW | Баблери | Бонги | Трубки 📍Київ, Львів",False,False
16946965598,devart.careers,Devart Careers,False,False
8665052220,lifelongfiction,Winston Duke,False,False
29824445358,skrrrwwwww,☠️,False,False
35154991923,amster.green.cookies,🍪ПЕЧЕНЬЕ,False,False
5490024091,ksyunyayaremenko,Оксана Яременко Сніжко,False,False
36096018413,pocket.dinosaur,Неллі Кузьменко/ Pocket Dinosaur,False,False
1526458756,alessandronero_ofc,Alessandro Nero / Trin1ty,False,False
216696447,anastasiyajf,Anastasiya Gudima,True,False
6459173311,arhatgroove,arhatgroove,False,False
1695230751,polly2595,Назар Калюх,False,False
2970219900,vadim.grishko.a,Vadimchik,False,False
24986264155,isaac_the__gamer_ww2_77777,Isaac,False,False
2161066656,b.ruslanovych,Bohdan Marchenko,True,False
195292762,rent4djkyiv,Rent4DJ ▶SOUND◉LIGHT▣STAGE ◘ DJeq,False,False
3162586717,idolstylle,Виталий,True,False
4246764880,gypsy_jitsu,Gypsy Jitsu,False,False
8524826720,kuzia.vetclinic.kh,"Ветеринарна клініка, м.Харків",False,False
1540301344,mooreb120,Blake Moore,True,False
12640649055,julsonmusic,JULSON,False,False
3055070254,peter__god,Peter God,False,False
6201504856,oleksandr_zembro,Oleksandr Zembro,True,False
1025967085,osk.animation,Oskar Cardozo,False,False
8405826929,ro_man1527,Роман,False,False
2056238107,nik_deadputin,,True,False
32932008217,jcenters.ru,Джон Кормилицын | JCenterS,False,False
4546449774,marvelous_media_engine,,False,False
4638834644,i_lavrinets,Ірина Лаврінець,False,False
1471896297,teezyfaded,TEEZY 😈,False,False
3305140053,dan.diehl,cowboy dan,False,False
37475504629,flura_shop,PsyVisionArtShop - Fluranet 🌝,False,False
17531385470,roma.huston,,False,False
2295827380,abderrahimoukhrib,Abderrahim Oukhrib,False,False
8144176067,master__seed,Семена конопли,False,False
45483091930,lvdrywall.llc,LV DRYWALL LLC,False,False
205057061,campcarlo26,,True,False
8427939112,alexander.16.19,Alexander Kravchenko,False,False
312109905,katyaaa_r,Katya,False,False
228772360,hard_pacient,Ruslan Vo,True,False
55342312,bobdoylemedia,"AI Video, Music, and Art - All things AI Creativity",False,False
44023775212,98archived,The ‘98 Archive,False,False
7957625441,bondar.clinic,Стоматолог-хірург|Київ,False,False
4793885534,leponsdj,Le Pons,False,False
9448840463,zhirko_des,Дизайнер интерьера Днепр,False,False
3071078030,bryuktik,Victor  Doronin,False,False
11835189474,astrolog_viktoria_,Астролог Виктория,False,False
5919773224,diabb777,✭x777lx✭Все будет хорошо!,False,False
43846944704,lira_event.ua,LIRA UA,False,False
43846944704,lira_event.ua,LIRA UA,False,False
6675953171,michaelshigrinsokol,Michael Shigrin-Sokol,False,False
208044404,sashaporka,Sasha Porka,False,False
8341020495,mavr_agency,Маркетингова агенція МАВР,False,False
11783582852,metodika_techno,METODIKA_TECHNO,False,False
29220319381,topflowers_insta,Тюльпаны 🌷,False,False
291415926,shemill.mov,Y A R O S L A V,False,False
1807511797,kozurniy888,⚜️Garcìa⚜️ 😎♠️🃏,False,False
6662058891,raysa_santosz,Raysa Santos,False,False
10102322462,softguytj,OlaMi✝️⏭,True,False
32730164128,furniture.korshun,Качественная мебель,False,False
1496592940,madison.crouch00,maddie 💋,False,False
29522191958,barovitoo,,False,False
35770832321,blendeenartwork,ryan ••,False,False
32010786111,alyssa.vega96,Alyssa,False,False
7288702253,heels_on_heels,Garno,False,False
17303402777,closersocks,🇺🇦 Closer Socks Kiev 🇺🇦,False,False
3223110972,_sof.jpg,софійка,False,False
748875256,barpartybolero,#barpartybolero,False,False
44759349122,tihie_zorydetaling_krasnoyarsk,"Детейлинг (химчистка,полировка и др.)",False,False
16378684509,jsjchhchx,Hjsfvj,False,False
32653400181,arenda_kiev_posuto4no,Посуточно Апартаменты  Киев🏘,False,False
4482700184,tritontaxgroup,Triton Tax Group,False,False
9005757758,cyber.skunk,Cyber Skunk,False,False
14520101715,dolesko_mua,DOLESKO DARYNA/make-up artist,False,False
17936174598,rainbowschool.kharkiv,Развитие Детей от 1 до 17 лет,True,False
29148201479,lookman_shop_,ЧОЛОВІЧИЙ ОДЯГ,False,False
25117841408,2149_kristina,Секрет на МИЛЛИОН 🌹,False,False
32880906372,kiev_remont_design,До После,False,False
2094951781,oleh.kravets.ca,Oleh,False,False
15972564743,kikiboom.pp,kiki,True,False
16404272495,weblooser,інтернет.,False,False
7085794118,_.maxstyle._,Style_ua,False,False
6315008500,nekrasovv_e,Время покажет,False,False
26665900336,stallker.ua,,False,False
22011484516,bars_sok,Спорт фитнес здоровье,False,False
565570233,nastyavogan,,False,False
38404318720,digitalpropulsion,Digital Propulsion,False,False
1294505608,romariouix,romario 🇺🇦,False,False
29668901144,brocsgoo,CsGo Lets go,False,False
7945376053,letunasvet.ua,SVET 💡,False,False
8086572091,magaz420,"CBD | RAW | Баблери | Бонги | Трубки 📍Київ, Львів",False,False
10692932566,rainbow_solt47,ㅤ,False,False
8665052220,lifelongfiction,Winston Duke,False,False
29824445358,skrrrwwwww,☠️,False,False
5490024091,ksyunyayaremenko,Оксана Яременко Сніжко,False,False
36096018413,pocket.dinosaur,Неллі Кузьменко/ Pocket Dinosaur,False,False
216696447,anastasiyajf,Anastasiya Gudima,True,False
1695230751,polly2595,Назар Калюх,False,False
2970219900,vadim.grishko.a,Vadimchik,False,False
10328662670,into.the.dream,"🇺🇦 Жидкости ""Into the Dream""",False,False
30551812812,stupid_humansss,,False,False
5836345201,_mango.nephew,MangoBeat,False,False
27479837784,bakhmut.news,Новини Бахмута,False,False
8521874193,technostatement,𝘀𝘁𝗮𝘁𝗲𝗺𝗲𝗻𝘁,False,False
4693517290,zbrush3d_course,Курсы 3D-скульптинга • ZBrush,False,False
28709121760,psn_accounts_for_sale_,psn accounts for sale,False,False
25736454816,13_trake,"Магазин_Одежды, ХУДИ",False,False
30892486343,postavchik_brenda,👔Стилёво👔,False,False
15177667322,kirill_img,,False,False
45336771999,zion.kyiv,Вечеринки как дома 🙌,False,False
26757844821,ayomarko_,road to the 💿,False,False
471333507,kultmag,,False,False
20923380908,malina_club1,Малина Клуб1,False,False
26439249397,flying_circus.ua,FLYING CIRCUS UA,False,False
10692932566,rainbow_solt47,ㅤ,False,False
28021190303,oriflame_russs,oriflame заказы,False,False
27703287987,apple_repairkh,Техника и сервис Apple,False,False
27145461730,hypestore.web,Магазин одягу🛒,False,False
26063230082,vzaperti_s.45,Взаперти Саксаганского45,False,False
3691680708,go.to.sport,Фитнес | Питание | Мотивация💯,False,False
7293254176,kyivpoiskmodel,Пошук моделей Київ🌿реклама бюті послуг,False,False
27187129357,rave_apparel_co,Rave And Festival Tees,False,False
14593341499,smmuza,muzaoleg,False,False
51576730,motion_freelance,Motion Graphics Designer,False,False
30167659879,vshapejewelry,✨VSHAPE JEWELRY|ETSY|תכשיטים✨,False,False
44648759531,dryfooddog,лакомка,False,False
19802694242,letay_na.yeezy,Оригінальні Yeezy Boost🔥,False,False
21287099700,babayagalab,Nails,False,False
3040358106,jcenters.ruuu,Посмотри На Ссылку Ниже,False,False
25755201780,sbor_na_viskarek,5469 0600 1943 8818 - сбербанк,False,False
25700545452,fujibikesukraine,Fuji Bikes Ukraine,False,False
41784983815,tripondreams,Psychedelic Art,False,False
8649478877,3dsmaxiran,3dmax|vray|corona|photoshop,False,False
45244788369,motiv_smm,ONLINE BIZNES | SMM,False,False
5543210704,andreytopchyy,Andrey Topchyy,True,False
37295034046,bogemaclo,⛓ ONLINE SHOP,False,False
23389328904,pretttty.clo,Одежда,False,False
28202901875,5016aisha,Ayyush Shuji👩🏼‍🦱❤️,False,False
8174276320,decorative_stones_lv,Декоративне каміння,False,False
36175386470,monopoly_alart,Ukrainian Monopoly,False,False
44490525948,shmot.ki__,shmotki for you,False,False
40105289639,art_alla_kulyk_kiev,ИНТЕРЬЕРНЫЕ КАРТИНЫ,False,False
8504656353,acid.shop.ukraine,Acid.Shop.Ukraine,False,False
36907818317,vinnytsia.insta,❤️__Vinnytsia.insta __❤️,False,False
31359737544,akter_vo_mne,Актер во мне 🎬,False,False
3402188264,technoaustralia,OFFICIAL r/Dark Reddit,False,False
25023938409,sexbox.in.ua,SexBox - секс-шоп Украина,False,False
33454854280,macba.tv,,False,False
38809838524,militarynature.store,,False,False
38809838524,militarynature.store,,False,False
2717719678,sushi_dzen,Dzen - Доставка суши в Крск,False,False
46836874267,ukrainenftsave,,False,False
46621251293,_htm1mwn_,_htm1mwn_,False,False
46366173695,lilbigman8338,,False,False
8487111637,tag.studio.co,TAG.Studio entertainment,False,False
8325846386,evgeniy_zhubarev,,False,False
16109056898,svetlana.polovnikova1,svetlana.polovnikova1,True,False
40414099503,fan_club_bodya_pruskyi,Моргенштерн,False,False
40485741062,porterpub.saga.24,Портер Паб на Сагайдачного 24,False,False
8038896872,igronavt_,⚽ Аренда игровых консолей PS4⚽,False,False
44469448202,amster.chipsters,,False,False
32880906372,kiev_remont_design,До После,False,False
30402433124,art_home736,Art HOME○МЕБЕЛЬ○ИНТЕРЬЕР,False,False
32805078370,goodwinshopp,Cladik_win,False,False
2214277391,a.h_jubaer,Technology's time with (Jubaer),False,False
28367405011,magic_smoke_ua,Табак для кальяна,False,False
41377270841,tupo._.kross,Одяг та Взуття,False,False
13791147774,yoniokee,,False,False
7839657301,pictureshopua,Картины,False,False
11147646639,fz_q99,,False,False
23336014952,whitelion_phone,White Lion,False,False
46675481593,scribblepal,ScribblePal,False,False
29148201479,lookman_shop_,ЧОЛОВІЧИЙ ОДЯГ,False,False
37494432110,dublin_terrasa_kyiv,Dublin Pub & Karaoke 🟢 Киев,False,False
36577166823,ugon_kiev,Поиск угнанных авто Киев и Украина 🇺🇦,False,False
22011484516,bars_sok,Спорт фитнес здоровье,False,False
46393262466,best_nft,Unknown Girl Nft Vlog,False,False
25117841408,2149_kristina,Секрет на МИЛЛИОН 🌹,False,False
6256634602,starsandleds,"LED SIGNS, GALAXY PROJECTOR",False,False
46182740391,nft4art,NFT4Art,False,False
2160383470,newschool.ru,Новая Школа | LeeFire,False,False
18332141310,bongshopua,Bong Shop,False,False
38679675698,berioza_bar,"Те, що тобі потрібно .",False,False
45235220021,khark_ivcity,𝓚𝓱𝓪𝓻𝓴𝓸𝓿 𝓬𝓲𝓽𝔂,False,False
21385333181,hempseedscomua,Hempseeds.сom.ua,False,False
21969423846,smokeweedinvape,,False,False
26084319302,antoniovas_il,антон Васильеви,True,False
7085794118,_.maxstyle._,Style_ua,False,False
34617807586,torchseeds,TorchSeeds,False,False
15874518484,yana.gl01,Яна,True,False
36671159733,cursedsketchbook,CursedSketchBook,False,False
33948419083,sponsor.na.giveway.zvn,,False,False
36589651742,skysmoke_dv,SkySmoke,False,False
26665900336,stallker.ua,,False,False
7284850936,thegraphiccorner,The Graphic Corner,False,False
44093348772,grover_3.0,,False,False
29668901144,brocsgoo,CsGo Lets go,False,False
46359609799,sam_sobi_muzykant,ammoral_420ua,False,False
16404272495,weblooser,інтернет.,False,False
31376527842,polina_glo,glo TM консультант UA,False,False
7390918740,babai_official_tobacco,babai_virginia tobacco,False,False
39208096023,_clon_cliff_,,False,False
39226659257,sport_prognozist777,Прогнозы на спорт,True,False
28168070829,tyryuyy,reytrrr,True,False
39781865488,dobro2022__,,True,False
11622021098,xoloden_travel,,False,False
7538879643,sanya_tmbv_,,True,False
2942427741,wangwang1341_,,True,False
42936711588,boss_boss_479,Boss,True,False
34149465099,best_friends_lifestyle1,bfl,True,False
21891873594,_77gg11_,,True,False
45270422830,millennials.moscow,𝗠𝗜𝗟𝗟𝗘𝗡𝗡𝗜𝗔𝗟𝗦 𝗖𝗟𝗨𝗕,True,False
18029151930,ay_3980019,.,True,False
45193412797,wxt0j84dwwj11otc,ひかり,True,False
7002519347,amira_8_6_7_,Всем счастья...,True,False
17936174598,rainbowschool.kharkiv,Развитие Детей от 1 до 17 лет,True,False
17357191392,benzo_gang_bro,,True,False
36117406551,rcc_artel,,True,False
7308483530,danny___ss,Danny,True,False
6760889891,alexandr_2012_2012,Александр Кирсанов,True,False
1970371597,vladislav_mirchikov,Vladislav,False,False
766890968,allyonaa.p,Alyona,True,False
5723315750,danil_kochetov,Danil,False,False
5775858674,anastasia_sokolan,Анастасия Соколан,False,False
5311791012,t1man___,Тимур,False,False
4005527566,mobile_buffer,Мобильный буффер,False,False
8584244965,dd.cult,DDC👨👨👨👨👨👨👨👩👴,False,False
7538635246,ploshchadka_ua,Торговая площадка Украина,False,False
4676447191,yungthundercock,Chad Thundercock,True,False
7724483760,gvozdeva_cat,Алина Гвоздева,True,False
7745081545,arinaa_98_,Arina,False,False
8444938060,guccigangcat,Gucci Silver Cashemire,False,False
7897169031,dreamscometrue_71,Dreams-come-true,False,False
6234677790,xolodkova__alena,Алёна Холодкова,True,False
365005544,xycik,Hussein,True,False
5799565252,thekleymee,maksim,True,False
6873276444,eds29me,Санин Эдуард Александрович,True,False
4269352297,nadin_nail_kh,Nadin_nail_kh,False,False
3929931950,21mihaelov,,True,False
9241116558,_21vek_krasot_,_21vek_krasot_,False,False
8742144672,praktik.kh,Сергей Васильченко,False,False
454736854,goldfish.bet,Ставки на спорт 💸,False,False
10421320381,probniki.kapsul,probniki.pohudeniya,False,False
8584244965,dd.cult,DDC👨👨👨👨👨👨👨👩👴,False,False
8378121054,fluffy_plaids_,Bibs🤍пледи🤍тримачі 🤍посуд🤍подарункові бокси🤍,False,False
12143706830,masterseed.ua,Насіння Master Seed,False,False
8205855928,mesuttufekciofficial,Mesut TÜFEKÇİ,False,False
3428184479,icd.com.ua,icd.com.ua - оригінальні запчастини Apple,False,False
10744372924,hoptourguide,Hop Tour,False,False
4005527566,mobile_buffer,Мобильный буффер,False,False
8444938060,guccigangcat,Gucci Silver Cashemire,False,False
501715947,oxunoxun,Oxunoxun,False,False
6921256280,captain_ferrell_,Aleksandr Khakhoiev,False,False
7371574988,grooming_fluffy.miracle,"Груминг салон ""Пушистое чудо""",False,False
9001190886,omchanting_miami,OM CHANTING,False,False
1136634687,adel9n,Al-Madani Adel,False,False
4725959280,ilias_grotte,Iliás Grotte,True,False
7645942993,bunnystuddy,Центр Розвитку та Навчання,False,False
1595374504,wowmarket.com.ua,"МЕБЛІ, ЛІЖКА, МАТРАЦИ",False,False
1485977835,solovyova.live,Juliana Solovyova,False,False
9658109793,racta_top_420,Rasta_ToP_420😎🤙🔞,False,False
4028159837,dima_golub_1992,Дима Голуб (Реклама Instagram),True,False
7292865108,zavodnoiy.apelsin,Alexandr Vasiliev,False,False
3080006552,soulspinparty,SoulspinParty,False,False
6537060349,archyy95,Артур,False,False
8742144672,praktik.kh,Сергей Васильченко,False,False
6908583409,sex_market_ua,Sex_market_ua,False,False
8788221488,cloud_ware,☁️,False,False
12809491614,dogonyaev_gang,DRV GANG 💰,False,False
4928241284,primelegal.ru_,ЮРИДИЧЕСКИЕ УСЛУГИ,False,False
17395125272,mandalasycreativ,mandalas y creatividad,False,False
14668803958,firstmonopoly_cloth,🔺ОРИГИНАЛЬНАЯ БРЕНДОВАЯ ОДЕЖДА,False,False
12316874789,sxovishe,,True,False
9222846543,dogonyaev_vip,Слив прогнозов Догоняева💸💰🤩,True,False
10327440726,tvoya_ydalenka,Tvoya_ydalenka,False,False
12339208310,sliv_kapper1,СТАВКИ НА КИБЕРСПОРТ,False,False
13390592699,kanabizukraine,Mark Cukerberg,False,False
10709787088,gabar_fanpublik,ФАН ПАБЛИК ГАБАРА,False,False
13360230939,topdog.tdfc,пресс конференция топ дога,False,False
14683539746,od_baraholka,OD_Baraholka,True,False
8205855928,mesuttufekciofficial,Mesut TÜFEKÇİ,False,False
5540323278,patrick.parallax,Patrick Stiller | Parallax Design,False,False
12058112365,ctpymin,Ctpym,False,False
8050429463,forester_wood_,live edge and river tables,False,False
8750622214,kolschik_tattoo,kolya_tattoo,False,False
9241305312,kononenko4467,Кононенко Стас,False,False
18311744724,rdkhdm1,رضاخادم,False,False
6508737786,vacili_666,Vasiliy_666,True,False
18624940475,workshop_z.a.v.t.r.a,FUXART,False,False
2111625741,trivita.ua,Будматеріали trivita.ua,False,False
17444272413,_._.yki._._,#❤._ƏŁŁŁİÂ...ŁØVĔ_.❤#,False,False
427063343,sergchaika,Serhii Chaika,True,False
13467237783,22_tobacco_shop,Табак и аксесуары для кальяна,False,False
7645942993,bunnystuddy,Центр Розвитку та Навчання,False,False
8788221488,cloud_ware,☁️,False,False
12634718209,_must_taste_,Must Taste,False,False
17444272413,_._.yki._._,#❤._ƏŁŁŁİÂ...ŁØVĔ_.❤#,False,False
427063343,sergchaika,Serhii Chaika,True,False
8005841645,eshnazarova_81,eshnazarova_81,True,False
5698614703,ainecreativedesigns,Aine Creative Designs,False,False
571417756,4_utra_,Анатолий,False,False
14034219827,ccc.___cccccc.__cccc__,,True,False
2068950297,gidroponika_krsk,Растениеводство | Гидропоника,False,False
6772503089,apple_case.kiev,custom portrait,False,False
11105346401,gruzo_dostavka,Груз Украина/Россия,False,False
5427615339,loft_mebel_mishanya,Мішаня,False,False
10967970820,apple_magnat.msk,Apple Magnat,False,False
18249155439,hawkingjake420,hawkingjake420,False,False
766890968,allyonaa.p,Alyona,True,False
365005544,xycik,Hussein,True,False
9157535142,gena_brooklin_sales,магазин стильной одежды 🔥,False,False
15485689279,river.island.cottage,Клубный коттеджный городок!,False,False
16921878,camasherrill,Cam Sherrill,False,True
10652207149,reklama_insta_kharkov_assin,Реклама Харьков Ассин,False,False
21474924892,koplu_na_mechty_sea,по рублю на мечту,False,False
6152058446,ikra.opt.com.ua,"Икра🔹Опт и розница, Украина",False,False
7046045474,kaskad_security,Охранное агентство КАСКАД,False,False
18383529379,techwearworldwide,TechWearWorldwide 🌍,False,False
10652207149,reklama_insta_kharkov_assin,Реклама Харьков Ассин,False,False
8069252563,mekit___,mekit___,True,False
10421320381,probniki.kapsul,probniki.pohudeniya,False,False
5311791012,t1man___,Тимур,False,False
9241116558,_21vek_krasot_,_21vek_krasot_,False,False
3711911478,royal_fruit_bouquets,Фруктовые букеты Харьков,False,False
8318253100,alichka_1307,Алина Биджелова,True,False
8313770760,topvine.qz,Залипни,False,False
5599791784,alena.mysterium,Alena Sahnova,False,False
3804079547,mikhalko_e,IT | Авто | Продвижение Smm,False,False
3929931950,21mihaelov,,True,False
8937021088,foto.nikaaa,Foto-nika📸,False,False
1938952352,ink.empire,Tattoos And Tattooed Beauties,False,False
8444938060,guccigangcat,Gucci Silver Cashemire,False,False
1485977835,solovyova.live,Juliana Solovyova,False,False
9363883628,acid_cat27,Ты Знаешь Кто Я,False,False
6921256280,captain_ferrell_,Aleksandr Khakhoiev,False,False
8148478256,capital.kripto,Инвестиции в Криптовалюту,False,False
7349240396,creatorstrap,CRAP,False,False
8530886854,karazin.students,Студенти Каразінського ❤️,False,False
4770907775,tvoya_fortetsya_ukraine,Тактичний магазин Київ,False,False
4028159837,dima_golub_1992,Дима Голуб (Реклама Instagram),True,False
5723315750,danil_kochetov,Danil,False,False
6760889891,alexandr_2012_2012,Александр Кирсанов,True,False
8451260048,hasanshin.bet,БЛОГ ВИЛОЧНИКА,False,False
4269352297,nadin_nail_kh,Nadin_nail_kh,False,False
6143100536,buzmakovmatvei,Матвей Бузмаков,False,False
8339152050,anna_super_sexy,Anna,False,False
7944237077,nikita.sliv777,,False,False
8277399130,masis__sport,Masis.sport,False,False
7386092183,halall_zarabotok_95,Обучение в инстаграмм.,False,False
7113151475,hapepipes,ХАПЭ,False,False
6873276444,eds29me,Санин Эдуард Александрович,True,False
7745081545,arinaa_98_,Arina,False,False
7891552906,livedielovee,💔,True,False
9642399314,pingwin_arena,Компьютерные клубы Белгород,False,False
8742144672,praktik.kh,Сергей Васильченко,False,False
4506752706,_mixas_777,Миша,False,False
8512450311,kharkovgo24,📍Харьков / Kharkov,False,False
7897169031,dreamscometrue_71,Dreams-come-true,False,False
8378121054,fluffy_plaids_,Bibs🤍пледи🤍тримачі 🤍посуд🤍подарункові бокси🤍,False,False
5799565252,thekleymee,maksim,True,False
7363228059,___anya_zt.__2,хз,False,False
7052922999,stavkl_sport,Ставки На Спорт,False,False
6234677790,xolodkova__alena,Алёна Холодкова,True,False
7786764710,easy_money_sliv,EASY MONEY,False,False
6092540206,fotoobektiv,FotoObektiv,False,False
9225217193,bb_best_bets,СЛИВ ПРОГНОЗОВ 🎁,False,False
7331820877,interesnyye_tovary,Интересные товары,False,False
7875571106,autismoodstore,Autismood,True,False
4770907775,tvoya_fortetsya_ukraine,Тактичний магазин Київ,False,False
7046045474,kaskad_security,Охранное агентство КАСКАД,False,False
13390592699,kanabizukraine,Mark Cukerberg,False,False
8451260048,hasanshin.bet,БЛОГ ВИЛОЧНИКА,False,False
8937021088,foto.nikaaa,Foto-nika📸,False,False
3232284341,dailycars.com.ua,АВТО ИЗ США 🇺🇦 ПОД КЛЮЧ,False,False
7642287174,official__mi.shop,Фірмовий  представник Xiaomi,False,False
8148478256,capital.kripto,Инвестиции в Криптовалюту,False,False
6246595720,woohookah,WooHookah,False,False
2068950297,gidroponika_krsk,Растениеводство | Гидропоника,False,False
10709787088,gabar_fanpublik,ФАН ПАБЛИК ГАБАРА,False,False
7113151475,hapepipes,ХАПЭ,False,False
9225217193,bb_best_bets,СЛИВ ПРОГНОЗОВ 🎁,False,False
10954410174,smotri_profiilee,Смотри Шапку Профиля,False,False
10562258959,soft_bar7890,софт бар,False,False
13360230939,topdog.tdfc,пресс конференция топ дога,False,False
6772503089,apple_case.kiev,custom portrait,False,False
7944237077,nikita.sliv777,,False,False
8472913371,green_green26,,False,False
7066410568,icon2.09,ICON,False,False
10650644622,andre_official_folowers,ЗАРАБОТОК В ИНСТАГРАМ🔥,False,False
9011324131,second_hand_novopskov,Second Hand Новопсков,False,False
8313770760,topvine.qz,Залипни,False,False
7386092183,halall_zarabotok_95,Обучение в инстаграмм.,False,False
7149759984,bouquet__art_kh,Nechetova Arina,False,False
8595562898,flowerkievday,,False,False
8050429463,forester_wood_,live edge and river tables,False,False
14064327394,for_life.kh,ЗАЖИТТЯ.ХАРЬКОВ,False,False
5501196480,alitus_ua,alitus,False,False
7199926823,groove.beats,Groove Beats,False,False
6896319669,rikitikitavi147,,False,False
5633576430,pikap_kazan,Пикап Казань,False,False
2272633151,appletech_company,🍎Техніка Apple|iPhone|Киів,False,False
15229904367,can_scream_,Atmosphere🌙,True,False
14668803958,firstmonopoly_cloth,🔺ОРИГИНАЛЬНАЯ БРЕНДОВАЯ ОДЕЖДА,False,False
8214501088,sliv_markina11,Markin.sliv,False,False
8227318533,jestkie_video,,False,False
6873276444,eds29me,Санин Эдуард Александрович,True,False
8257025771,mosis.sport.dgg,,False,False
7056697088,hookah_bar_selfie_official,Selfie hookah bar,False,False
6092540206,fotoobektiv,FotoObektiv,False,False
9642399314,pingwin_arena,Компьютерные клубы Белгород,False,False
5993561500,euromebelinua,Магазин мебели «Евро-Мебель»,False,False
4486812619,pestcontroldubai,Pest Control Services in Dubai,False,False
7786764710,easy_money_sliv,EASY MONEY,False,False
7598709437,berikgold,ONTHETOP_ALMATY,False,False
9157535142,gena_brooklin_sales,магазин стильной одежды 🔥,False,False
7350701391,shishkov_555,😎Shishkov Danil😎,False,False
7655254276,house_atlas,ПОСТЕЛЬНОЕ БЕЛЬЁ,False,False
4928241284,primelegal.ru_,ЮРИДИЧЕСКИЕ УСЛУГИ,False,False
