pk,username,full_name,is_private,is_verified
8529922016,zakol_je_,zako,True,False
45963786141,web_mobile_development,web mobile development,False,False
18146317736,rahim_hadidi_,Rahim Hadidi,False,False
3627399699,othmaneouffa,Don Quixote,False,False
19377359787,p__rlo,IMAD 🪐,True,False
8129442936,karim.__.dek,karim dekhli,False,False
6359727577,elbahilemna,El Bahi,True,False
1366519649,malik_tail,Malik Làoùni,True,False
3049535429,mouhabdelhak,Djaafar Abdelhak,True,False
1314760506,medlou1,Med Louati,True,False
1475204811,na_bil_az,Nabil Az,True,False
2359998267,soheib_sz,xXx,True,False
49564382724,djalillatrache,Djalil Latrache,False,False
3585135550,le_bkh,Abdel Ali,True,False
52213829568,themeowcat.ai,YASMINE👾,True,False
18844953321,boutarouk.islem,Islem Btk,False,False
7939207856,akram.most,Akram Akram,True,False
1555153649,mahdii.05,Bentifour Chaouki Mahdi,True,False
38980192605,chikouucha,Red Ouane,False,False
6007051752,ouail_sr,Ouaïl Souar,True,False
2052059711,abdeldjalilhamisse,Abdeldjalil Hamisse,True,False
38982051204,menzili_design,منزلي Design,False,False
47163645360,hichem_chabou42,Hichem Chabou,False,False
8118818918,guernane_karim,Karim Guernane,False,False
3570476240,monir_khulna,,False,False
5542635444,oussama.zaida,Oussama Zaida,True,False
9017637158,s.y._.c,Bidaoui Moumen,True,False
4476148807,jli_kurdi_farman,💠Kutali Farman کوتالـی فـەرمـان💠,False,False
5761485373,tulipe_nadin_talya,Okaysage,True,False
1053343290,frrozzen_h_art,,False,False
48684221442,fairy.dust02,Kenz~,True,False
7508764033,leobispo.foto,Leonardo Bispo,False,False
14091408195,himou_rb,鬼塚,False,False
34455765834,cyb3rpunkculture,cyberpunk,False,False
6273512267,skydronecba,Sky Drone Córdoba,False,False
56702554231,landingpagesmadesimple,Martijn of Landing Pages Made Simple,False,False
50523319984,hightech_hadjout,hightech shop and repair,False,False
1470407311,far.arf,احمد احمد رصا,False,False
4713642094,ugensungdangmoo1999,Ugen Rongkup,False,False
38957529281,sabkisfn,Sabki Sofiane,False,False
45153142765,_data_academy_,Data Academy,False,False
8979591464,joy_boy.1,Zeno Djenadi,False,False
37943344675,amine.mahri.982,Amine Mahri,True,False
7515126230,making_zin,طائر الحسون,False,False
3459911471,sou_fiane1221,Sou Fiane,False,False
7983376672,mhmdmhmdmhmdmhmd59,محمد النجار,False,False
6031598980,anes.fridi.58,Anes Junior,False,False
6989101530,prvmomouh,ËL HåttàªK,False,False
7936905962,gfjbv3,MAHMD,False,False
5347673784,stylzdz128,,False,False
