pk,username,full_name,is_private,is_verified
50901233347,suy_wolfer,no one here,True,False
1486158797,vito.di.gennaro,V ł † Φ  Đ ł  Ģ €ภภ λ ®Φ,True,False
72056867429,nutt.jobb,Nutt Jobb,True,False
3969646380,c_garcia233,Jose Chavez,True,False
74008691582,tom._pblc,,True,False
73743427133,xg_cruz_torox,Geranthony Cruz Toro,True,False
347404513,sahiddrums,Sahid Paz,True,False
73927399769,annaliviaduracell,,True,False
72034001062,mvsxdam,mvsxdam,True,False
3131779376,mikeyfoster6,Mike,True,False
6352351479,apeironnl,ApeironNL,True,False
51737378876,jackson.russell05,Jackson Russell,True,False
37133542312,akinori023,akinori,True,False
72325408107,dividendslik,Sam,False,False
5799978009,_olvera46jonny,🪄🃏Jonathan Olvera⚜,True,False
1165817902,m.sengking,mega sengking,False,False
51044632841,drive.rboy,,True,False
67709489104,reubzx25,RJ,False,False
2053896226,chaosjl31,,True,False
72338657336,jh_hl_x,Mark X,True,False
2246177419,alby_084,,False,False
1165817902,m.sengking,mega sengking,False,False
61715599564,nerdjuice972,Al Bundy,False,False
65784024133,zulu._.43,M.H.K,True,False
1486158797,vito.di.gennaro,V ł † Φ  Đ ł  Ģ €ภภ λ ®Φ,True,False
46255534801,the_little_one1818,,True,False
69324971086,dilliarddevon,Devon Dash Dilliard,False,False
51044632841,drive.rboy,,True,False
11438494037,dom_07d,💀👀,False,False
74192793985,realyoswa404,,True,False
59431337475,thighguy7,ThighGuy,False,False
12418581611,moba_rockk,Mobarok Hossen,False,False
5694590879,steven_langford1982,Steve Langford,True,False
74191112266,shakeeljutt3973,shakeel jutt,True,False
54008335734,only_sfemo,•Giovanni Pagana•,False,False
67573962816,majeedarveen,majeed arveen,True,False
253959950,krist0fferson_,Christopher Nguyen,False,False
52446415319,pasztor.viktor1985,Viktor Pásztor,True,False
16717697256,fcukshine,A,True,False
51737378876,jackson.russell05,Jackson Russell,True,False
57070866444,ale64_22,Alex,True,False
74205521008,filippo_tru,,True,False
74205521008,filippo_tru,,True,False
74011572144,alyssasmiithixx,Alyssa,False,False
74057920285,usbaddiees,,False,False
7308655534,aimforvibe,Two,False,False
48739187282,inilossumb,✨💓💗✨,True,False
73925525187,muhammadyaqoob218,Muhammad Yaqoob,False,False
45639346319,ishvmphotos,,False,False
74031106140,haresss3969,,True,False
5869037760,flrn.dps,,False,False
71548351522,alen53984,,False,False
35419497770,coshen.rix,Hendrix Cos,False,False
2320980717,pierlegac,Pierre,False,False
53651066097,bsolde8,Brandon,True,False
56594136025,venuskittymeow33,𝔙𝔢𝔫𝔲𝔰,True,False
73967591953,sophiexarain,saxz,False,False
37133542312,akinori023,akinori,True,False
63883278158,vybe.ofm,Vybe,False,False
2091919170,krwawesome2006,Kian Waddell,False,False
73636766871,agness._.ka,,False,False
3969646380,c_garcia233,Jose Chavez,True,False
5724903956,runz3sm,S,True,False
265314746,_ze_lorenzo__,𝐋𝐨𝐫𝐞𝐧𝐳𝐨 𝐒𝐚𝐧𝐭𝐞𝐥𝐥𝐢 | 𝐒𝐚𝐱,False,False
60861937642,nocontextchris377,NoContextChris,False,False
73636067097,dpadmawati674,global,False,False
65229532729,kadeh829,Kadeh,False,False
53651066097,bsolde8,Brandon,True,False
65162587797,xavier63721,,True,False
73967591953,sophiexarain,saxz,False,False
63883278158,vybe.ofm,Vybe,False,False
2091919170,krwawesome2006,Kian Waddell,False,False
73636766871,agness._.ka,,False,False
56594136025,venuskittymeow33,𝔙𝔢𝔫𝔲𝔰,True,False
3969646380,c_garcia233,Jose Chavez,True,False
5724903956,runz3sm,S,True,False
265314746,_ze_lorenzo__,𝐋𝐨𝐫𝐞𝐧𝐳𝐨 𝐒𝐚𝐧𝐭𝐞𝐥𝐥𝐢 | 𝐒𝐚𝐱,False,False
60861937642,nocontextchris377,NoContextChris,False,False
73636067097,dpadmawati674,global,False,False
69979355180,_woad,,False,False
72729871241,korakas77,KorakasTheG,True,False
6102623803,dulijanosenkic,Đulijano Senkić,False,False
40584841193,garry.gregson,Garry Gregson,False,False
21628005585,eiheliii_,Céline Bendetti,True,False
53930132,bishesloveandy,Andy Kaley,True,False
73580098325,zetramgmt,ZETRA MANAGEMENT,False,False
3131779376,mikeyfoster6,Mike,True,False
49326234891,sm8020151,Saddam Malik,False,False
3915320162,antonis_tsenes,Antonis Tsenes,False,False
25488370,seaniessc,seaniessc,True,False
25488370,seaniessc,seaniessc,True,False
71717305913,marci170272,Marcello Interista Solmona,False,False
62683325469,8760dark,Dark,True,False
44895186889,lollil_34,Idk,True,False
179433432,just.ricardor,Ricardo Ramirez,False,False
14590590,litnacio,allen ignacio,False,False
72112823914,s.michael0066,M,False,False
73850473442,hannah.lia_._,Hannah Lia,False,False
47400226297,mnxjbs12,,True,False
63875937890,lorenzmth,Matheus lorenz,False,False
2368394320,campitsnatdog,Natalie🤍777🪐,False,True
68128418576,jaimealvarez3524,Jaime Alvarez,True,False
26440434278,phrnxtx,,False,False
74005795859,k_d_k959,,True,False
73521835912,freek_dw,Freek DW,True,False
22706440458,nmak6969,Nik Mak,False,False
35419497770,coshen.rix,Hendrix Cos,False,False
45843096526,martinboss650,Martin boss,False,False
2222390251,zachary_obie,Zachary Obie,True,False
63977068648,phonephoriard,PhonePhoria RD,False,True
57784763985,neversa77,elpapu,False,False
62767667084,christiana_hadjimarkos,Christina__Alt,True,False
43860578810,alex12344512,,False,False
1038539318,lovelyangelprincess,Georgia Kendall Doherty,True,False
72112823914,s.michael0066,M,False,False
51127790077,sorra_7777,sora,True,False
146073678,antonioh34,Antonio,False,False
41192824384,neo_s1ght,Brian Whitehouse,False,False
72784358374,bobbymartyy,Bob Martin,True,False
69020075564,thedayofnighttt,V,True,False
73635682641,poi.uytrewq142,,False,False
60791629125,onelastime1610,,True,False
65162587797,xavier63721,,True,False
26063838860,ty56865,(_),True,False
5602732456,thetruthismyweapon,Ben Halseth,True,False
1741733576,jean.carloss0,Jose M Garcia,False,False
71593621908,mejiasteban111,Steban Mejia,False,False
3551891660,victomuch12,Victor Larson,False,False
636635361,juanone1won,Paolo Cruz,True,False
68910972883,teidjs,,False,False
556038495,pedropacv2,Pedro Acevedo,True,False
7603574293,cptpalletta,Simone Mogiani,True,False
59623531705,susge248,,False,False
49610814312,who_carys,,False,False
2053896226,chaosjl31,,True,False
2049294813,stralolloo,Lorenzo,False,False
64884552389,qoppxx,,True,False
58625582724,jasont0dd134,,False,False
187448943,chris_prabhu,Chris Prabhu,True,False
67412590940,jeffjpcc,jeff,True,False
28692330386,xynxmitz,XYNX,False,False
215481038,aaabbbcccddddeeefee,3000aabbccaa,True,False
2264699291,john620111,John Ortega,True,False
45454488317,pocketrocketgarage,Kevin Hearn,False,False
60080965047,gjiiel69,j💞H5yo3,False,False
4235796575,ainzwallenstein,Вася Гуменяк,False,False
52059605043,dumidu__c,Dumidu Ashinsana,False,False
39680467452,lola_lbrq,Lola 🖤🖤,True,False
45843096526,martinboss650,Martin boss,False,False
1964666035,alexg_26,alex🇪🇸,True,False
292462849,yslyunior,,True,False
49711892142,_ineffable_lol,Luna,False,False
8959254746,justin_asd1,دريد دريد,False,False
2108671393,fratll1,Fırat,True,False
72337417897,manifest12354,,True,False
51362000249,phishbowlz,,False,False
67929465808,diegomuun,Diego,True,False
57805932390,virgo_crescentbay,Rebecca,False,False
5601190625,xaydarov_r.g_,Ravshan  Gafurov,False,False
69928287949,017selamina_sol_ed_odnum_le,017selamina_sol_ed_odnum_le,True,False
73959530737,gamer160301,,True,False
5601190625,xaydarov_r.g_,Ravshan  Gafurov,False,False
1777273004,mohamedrmadan94,Mohamed Zidan,False,False
62575340198,maging5030,Mag Ing,False,False
61895242068,graying_convert0f,Chris,False,False
54156095498,hidra0154,H,True,False
1029480363,josestat23,Jose Fer,False,False
58144777180,08382_i08493,IDK,True,False
4305468436,dickbuttington,Dickbuttington,True,False
72195578765,yll.95210,Yacine,False,False
2984256797,jose_kilauea,Jose kilauea,True,False
69979355180,_woad,,False,False
34686971501,37enzogabriel,Enzo Gabriel,True,False
62455929490,siprianjesusgamboa,Siprian Jesús Gamboa,False,False
30185765443,jamesmasters14_pri,James Masters,True,False
29356548629,a_blue_f150,Blue F-150,True,False
38249811505,timmain18,Tim Main,False,False
50253516227,mohdfaran24,Mohd Faran,False,False
4905606321,markmccoy9551,,True,False
65737302982,stars.ofm,OF Agency - Stars 🇪🇸🇺🇸,False,False
59095448644,ace_chan0000,saint,True,False
8138495457,notacew,Elodie ☦︎,True,False
49326234891,sm8020151,Saddam Malik,False,False
17085556291,fn_shinigami,Shinigami,True,False
49474746779,j34609,j,True,False
73319053850,sienndkxso,,True,False
17929257335,8o8error,,True,False
624036625,alvinl2002,alvinl,True,False
44895186889,lollil_34,Idk,True,False
65575348955,cha3_kim_,,True,False
37240585333,wcx2501,Wilbert Castillo,True,False
56793026333,anonymous2335632,H,True,False
16061181,kahtia,,True,False
9494931662,biyele2024,Opopl,True,False
71717305913,marci170272,Marcello Interista Solmona,False,False
30648459606,reza_ker19,reza ker19,True,False
10969443375,violetkhan2,violet khan,False,False
65830120992,donald_gamestores,Donald donahue,False,False
61205772938,minjifan00,minji,True,False
62529704466,komnatamodel0,komnatamodel0,True,False
5799978009,_olvera46jonny,🪄🃏Jonathan Olvera⚜,True,False
2260153298,kuya05142225,,True,False
27073462974,keke_1337,Ken Del Mundo,True,False
53930132,bishesloveandy,Andy Kaley,True,False
6883842453,represent_t,Alex Shock,True,False
72402398162,mr615d,Mr D,False,False
23090423745,kreatumplanner,what is life?,False,False
57264533364,t28151hd91,,True,False
