id,pk,username,full_name,is_verified,follower_count
69813744529,69813744529,alex.d9.dev,ALEX.D9 | Software Engineer,False,82
63865793010,63865793010,oraclebrain_,Oracle Brain,False,629
63531567506,63531567506,exi_mcmxciii,Shwetha,False,82
67623770186,67623770186,cozynotepad,Jes’ Desk ᯓᡣ𐭩,False,501
69631728396,69631728396,cozeebycee,Cee | All Things Cozy,False,238
63230749784,63230749784,babygur0,Franxua,False,610
67854335919,67854335919,authorecameron,cameron ❤︎,False,3159
67046230327,67046230327,zoeygrace120,Zoey Grace,False,783
71708048331,71708048331,kuestech,Kuestech,False,74
69365911574,69365911574,cozywithzara._,Zara Ann🍃,False,277
69659923264,69659923264,___byabbey___,𝐀𝐧𝐡 𝐕𝐨,False,46
68277536144,68277536144,kikel0m0,Ki Lawale,False,259
69607761653,69607761653,sarasaurusrexx5,Cozy with Sara ≽ܫ≼,False,549
63263823207,63263823207,stphcodes,Stephanie,False,47
69389777845,69389777845,and687032,Miguel Anderson,False,124
63393502677,63393502677,girlcodegram,GirlCode Worldwide Community👩🏽‍💻🌍🚀,False,929
66661055857,66661055857,gregory.tech,gregory,False,357
72256984892,72256984892,ry.setup,Ry,False,379
65575359876,65575359876,dkeimpe,Keimpe de Jong,False,331
69778779925,69778779925,shegamespink,Befa ☾,False,327
63055677387,63055677387,haider_ali_khan.01,Haider A. Khan,False,50
72256984892,72256984892,ry.setup,Ry,False,379
69607761653,69607761653,sarasaurusrexx5,Cozy with Sara ≽ܫ≼,False,549
69636699544,69636699544,cozysprouty,Cozy Sprouty,False,91
68129982376,68129982376,luudoannhi,ntnt_07,False,17
65575359876,65575359876,dkeimpe,Keimpe de Jong,False,331
67774425487,67774425487,brianobino,Brianobino,False,146
69659923264,69659923264,___byabbey___,𝐀𝐧𝐡 𝐕𝐨,False,46
67582999335,67582999335,wisteriyaa_,riya | cozy hobbyist,False,1349
69608049730,69608049730,malauries.atelier,Malaurie's Atelier | Multidisciplinary Artist,False,60
69659923264,69659923264,___byabbey___,𝐀𝐧𝐡 𝐕𝐨,False,46
72438405776,72438405776,bees.keebs,Bee ⟡,False,192
72256984892,72256984892,ry.setup,Ry,False,379
69470213061,69470213061,coderjedi,Coderjedi,False,30
68129982376,68129982376,luudoannhi,ntnt_07,False,17
63129209693,63129209693,darkangel2291_gaming,Sophie / Darkangel2291,False,316
69520429009,69520429009,yuta.adg,Yuta Nakazawa 中沢祐太,False,45
64880794143,64880794143,moonlit.corner,∘₊✧jocelyn✧₊∘,False,163
67535793350,67535793350,roninagp,Arturo Gómez Padilla,False,783
64621728033,64621728033,oliviascozydreams,✨Olivias Cozy Dreams✨,False,1316
63139909319,63139909319,izzy.pka,𝙼𝚊𝚌𝚔𝟹𝚗𝚣𝚒,False,36
70592470662,70592470662,azulafps,azula | purple desk setup,False,602
69608049730,69608049730,malauries.atelier,Malaurie's Atelier | Multidisciplinary Artist,False,60
63079382199,63079382199,amberade_,Amber🤍,False,32
63129209693,63129209693,darkangel2291_gaming,Sophie / Darkangel2291,False,316
68129982376,68129982376,luudoannhi,ntnt_07,False,17
70219654423,70219654423,creationwavellc,Creation Wave LLC,False,455
69555370263,69555370263,marleneharo_,Marlene Haro,False,4
63252610689,63252610689,bintaines,Binta Ines,False,8134
73501450417,73501450417,pixel.pajama,Pixel.pajama,False,89
70336905874,70336905874,simolablouo,,False,21
72737890291,72737890291,fiker__official,Fiker,False,8
64662374145,64662374145,writer_silver_witch,Thiti Ja,False,11
65344865749,65344865749,coffeebeansdev,Coffee Beans 🦊☕️ Tailside,False,7100
70195152093,70195152093,lilmiss_clo,ＣＨＬＯＥ🦋,False,2942
64880794143,64880794143,moonlit.corner,∘₊✧jocelyn✧₊∘,False,163
65214245434,65214245434,joaonakal,João Nakacima,False,243
68979386573,68979386573,elsayed.kashlan,Elsayed kashlan,False,43
69402830086,69402830086,abbieskyplays,Abbie,False,177
68851521189,68851521189,gabbaroni_,gabi,False,3137
68851521189,68851521189,gabbaroni_,gabi,False,3137
69441039217,69441039217,ohhimarika,oh hi marika,False,511
64662374145,64662374145,writer_silver_witch,Thiti Ja,False,11
68979386573,68979386573,elsayed.kashlan,Elsayed kashlan,False,43
73501450417,73501450417,pixel.pajama,Pixel.pajama,False,89
70195152093,70195152093,lilmiss_clo,ＣＨＬＯＥ🦋,False,2942
63104857245,63104857245,celenaisabelle,Celena Valenzuela,False,126
69090451008,69090451008,cosylau.x,Lauren🌿,False,634
63410606064,63410606064,candyk_87,Candyk87| Katerina,False,1587
68093255584,68093255584,saifgeek,Saif Shaikh,False,304
68129982376,68129982376,luudoannhi,ntnt_07,False,17
69402830086,69402830086,abbieskyplays,Abbie,False,177
63139909319,63139909319,izzy.pka,𝙼𝚊𝚌𝚔𝟹𝚗𝚣𝚒,False,36
69280551324,69280551324,arinzedev_999,a®inze_Dev,False,455
67649022937,67649022937,phiakkuma,phia,False,387
68127518925,68127518925,m0ssy.gr0ve,Ashley 🌱,False,179
68656924265,68656924265,cozysantalune,Nini,False,92
63048822366,63048822366,stardew_allie_,Allie Mae 🪷🌻🌱,False,78
63418437318,63418437318,nnsteaa,2001,False,1200
63451098118,63451098118,callop40,Calheiros Igor,False,173
69492001227,69492001227,siscozyy,Siska ^᪲᪲᪲,False,327
68555848236,68555848236,jade.cozy,Jenn ♡,False,81
63477164106,63477164106,nikzcruzalde.codes,Nikz - Front-end web dev,False,516
63048822366,63048822366,stardew_allie_,Allie Mae 🪷🌻🌱,False,78
69280551324,69280551324,arinzedev_999,a®inze_Dev,False,455
63451098118,63451098118,callop40,Calheiros Igor,False,173
64678009552,64678009552,sleepyydubu_,Jenn,False,1108
68807825235,68807825235,roguecurrents,Rogue Currents,False,1756
68127518925,68127518925,m0ssy.gr0ve,Ashley 🌱,False,179
67649022937,67649022937,phiakkuma,phia,False,387
72003249482,72003249482,dailyshaiary,S,False,27
64678009552,64678009552,sleepyydubu_,Jenn,False,1108
65100372919,65100372919,solomedjourney,SoloMed Journey,False,68
69999426389,69999426389,nicov_games,,False,520
68807825235,68807825235,roguecurrents,Rogue Currents,False,1756
65137499370,65137499370,cosy.shinrinyoku,森林浴,False,355
63489698431,63489698431,houseofnourish.np,Alicia Swindler NP | Functional Medicine,True,287
66840905957,66840905957,ztevencodes,sᴛᴇᴠᴇɴ ⚡︎,False,51
63303347107,63303347107,my.cozydream,Morgan,False,486
66333858432,66333858432,vicksecretgarden,Vick 🌱 | Anime and Cozy Vibes,False,1131
63643430661,63643430661,celestemoth,Faith Orynsk,False,6
63865309547,63865309547,zino.cozy,𝐋𝐞𝐧𝐚 | cozy gaming 🦋🌿🍡,False,1693
63329650988,63329650988,sayeed_1.o,Md Sayeed Chowdhury,False,55
70162411010,70162411010,cyberonlinespace,Zubair Lancer,False,91
68807825235,68807825235,roguecurrents,Rogue Currents,False,1756
63457971695,63457971695,study_with_procrastination,Riana's studygram,False,41
65118818193,65118818193,_creedtech,Creed Tech | Web Development | Anything Tech,False,152
63531671913,63531671913,cozy.cess,Cess 🌷,False,2606
63247099311,63247099311,zain_rtu11,zain,False,881
63278671133,63278671133,growwithant,GrowWithAnt,False,1609
63892450408,63892450408,debbyrevu5,Débora Revuelta,False,20
63294658125,63294658125,gamergirlarhya,Arhya | Cozy Games 🍵,False,161
63247099311,63247099311,zain_rtu11,zain,False,881
63278671133,63278671133,growwithant,GrowWithAnt,False,1609
66788630369,66788630369,jennys_cozy_corner,Jenny ~ 🌿💛,False,151
69441039217,69441039217,ohhimarika,oh hi marika,False,511
68656924265,68656924265,cozysantalune,Nini,False,92
67045876128,67045876128,rose_colored_revenue,Erin | Digital Marketing Coach,False,316
63865309547,63865309547,zino.cozy,𝐋𝐞𝐧𝐚 | cozy gaming 🦋🌿🍡,False,1693
66886081759,66886081759,hersparkempowers,Her Spark Empowers,False,848
64012401771,64012401771,onembusiness,Zer | French dev & business creator 🇫🇷,False,1993
63247099311,63247099311,zain_rtu11,zain,False,881
69425309315,69425309315,tom.devtech,Software Engineer,False,9
63278671133,63278671133,growwithant,GrowWithAnt,False,1609
66788630369,66788630369,jennys_cozy_corner,Jenny ~ 🌿💛,False,151
67045876128,67045876128,rose_colored_revenue,Erin | Digital Marketing Coach,False,316
63062161357,63062161357,her_road_to_code,Her Road to Code,False,71
66886081759,66886081759,hersparkempowers,Her Spark Empowers,False,848
63434580187,63434580187,veggie_edi_codes,ₑdᵢₙₐ ₖᵤᵣdᵢ,False,5
63102686681,63102686681,runwaytechsolution,RunwayTechSolutions,False,0
62823063576,62823063576,pollioraffaele8,Pollio Raffaele,False,916
63903450589,63903450589,scriptsavvyninja,Script Savvy Ninja,False,70
63851166064,63851166064,kanav6898,Kanav Gupta,False,2246
69441039217,69441039217,ohhimarika,oh hi marika,False,511
63062161357,63062161357,her_road_to_code,Her Road to Code,False,71
63409798575,63409798575,ahmed_nasr0011,Ahmed Nasr | BI developer | Data enthusiastic,False,217
63470432555,63470432555,kodegurukul,kodegurukul,False,1519
63434580187,63434580187,veggie_edi_codes,ₑdᵢₙₐ ₖᵤᵣdᵢ,False,5
63660797413,63660797413,ziaaftblzaa_27,Abi Manyu,False,75
65207987186,65207987186,senoraganadora,Señora Ganadora,False,54
65889858691,65889858691,cozyquartzz,quartz ₊˚✩,False,4251
63253157863,63253157863,noukaza,,False,64
63485689252,63485689252,__min1023__,,False,1113
63131979610,63131979610,yourpageofhygee,she/her,False,48
65118818193,65118818193,_creedtech,Creed Tech | Web Development | Anything Tech,False,152
63101295136,63101295136,meiyu.diaries,meiyu₊˚⊹♡,False,1013
66730578438,66730578438,cozywithlyss,𝐿𝓎𝓈𝓈𝒶 🌿,False,771
66315743440,66315743440,emma.hoe45,emma hoe,False,107
63318456130,63318456130,python_fundamental,Programmer,False,89
63093245384,63093245384,_studyctya_,𝐚𝐧𝐧𝐢𝐞☆,False,43
63485689252,63485689252,__min1023__,,False,1113
64210461120,64210461120,kittyluvsyoux,✮ kittyluvssyou ✮,False,701
63256717108,63256717108,innovixcode_agency,dev_ridwan,False,32
63470432555,63470432555,kodegurukul,kodegurukul,False,1519
66389518942,66389518942,crisacalorado,CrisAcalo | TechLife ☕💻,False,84
63694889422,63694889422,colouredheartbeat,Vera,False,235
64331638737,64331638737,ioscribbler,ioscribbler,False,1091
63062161357,63062161357,her_road_to_code,Her Road to Code,False,71
63474731774,63474731774,smulbeana,Trinity,False,1372
65131599061,65131599061,rosiereadsfantasy,rosie 📚,False,348
63221663828,63221663828,frymimet,"𝑭𝒓𝒚𝒎𝒊𝒎𝒆𝒕 | 𝑴𝒂𝒓𝒄𝒉 5, 2015",False,1447
64331638737,64331638737,ioscribbler,ioscribbler,False,1091
63414755228,63414755228,mvcc.inp,Cedrick Cayetano,False,925
63474731774,63474731774,smulbeana,Trinity,False,1372
66259193553,66259193553,sarelensed,𝚂𝚊𝚛𝚎𝚛𝚞⭒˚,False,345
63433394599,63433394599,eunicegaleza,eunice,False,1130
63101455583,63101455583,alekzandriia,Alekzandriia,False,24
63256785144,63256785144,shreyea.7,"SS""",False,31
63382917766,63382917766,lalalamore_m7,Morelia Espibar,False,417
63444876505,63444876505,legendofjasmine,JasmineMariah.🌻✌🏻,False,4453
63465277304,63465277304,studyniche_,alyssa,False,271
63444876505,63444876505,legendofjasmine,JasmineMariah.🌻✌🏻,False,4453
64189896748,64189896748,medicoscope_2025,medicoscope✯pre-medical,False,55
63150198668,63150198668,suroor.aidev,Suroor Wijdan,False,341
63087128822,63087128822,unicornspxce,Chrissy 🇭🇹,False,945
63946466275,63946466275,fieryfrequentist,Laura | 🎓 M.Sc. Applied Stats '24,False,17
63850144641,63850144641,console_holic,콘솔홀릭,False,1476
63869438704,63869438704,mojogear_en,MOJOGEAR,False,440
63470244599,63470244599,annyeongmiyu,⤷ hannah,False,410
63258821455,63258821455,themeowcat.ai,YASMINE👾,False,106
63087128822,63087128822,unicornspxce,Chrissy 🇭🇹,False,945
63470244599,63470244599,annyeongmiyu,⤷ hannah,False,410
65980411653,65980411653,joseqenntino,José Quentino da Silva,False,147
65973455191,65973455191,bigraingirl,BigRainGirl 🪷 Desk Setup,True,726
66306523483,66306523483,ghiblicottage,Katie ໒꒰ྀི´• ˕ •` ꒱ྀིა,False,3468
67155604890,67155604890,tessuna_a,Tessunaa,False,116
63258821455,63258821455,themeowcat.ai,YASMINE👾,False,106
63440953627,63440953627,spufidoo,Marcus Davage,False,186
67925597065,67925597065,she__nerd,nerd,False,44
68886880189,68886880189,cosmocoder_geek,CosmoCoder_geek,False,75
68276376437,68276376437,tragicgaming999,Taylor Dean,False,197
66306523483,66306523483,ghiblicottage,Katie ໒꒰ྀི´• ˕ •` ꒱ྀིა,False,3468
