id,pk,username,full_name,is_verified,follower_count
63457105131,63457105131,abdeldjalilhamisse,Abdeldjalil Hamisse,False,13
63419178241,63419178241,akram.most,Akram Akram,False,23
63097618684,63097618684,mouhabdelhak,Djaafar Abdelhak,False,6
63102843920,63102843920,karim.__.dek,karim dekhli,False,66
63428418338,63428418338,le_bkh,Abdel Ali,False,77
63279551718,63279551718,far.arf,احمد احمد رصا,False,109
63258821455,63258821455,themeowcat.ai,YASMINE👾,False,106
63313816868,63313816868,rahim_hadidi_,Rahim Hadidi,False,25
63543143245,63543143245,elbahilemna,El Bahi,False,23
65132050540,65132050540,boutarouk.islem,Islem Btk,False,26
